repository,notebook_path_or_name,error_type,error_message,python_version,repository_id
0u812/tellurium-combine-archive-test-cases,sbml-test-suite/convert-to-combine-arch.ipynb,ModuleNotFoundError,ModuleNotFoundError,3.6.1,1649
0u812/tellurium-combine-archive-test-cases,sbml-test-suite/performance-benchmark.ipynb,ModuleNotFoundError,ModuleNotFoundError,3.6.1,1649
ASintsova/HUTI-RNAseq,analysis/supplement/get_homologs_variation_in_core_genome_size.ipynb,ModuleNotFoundError,ModuleNotFoundError,3.6.2,1011
ASintsova/HUTI-RNAseq,analysis/supplement/patient_info_table.ipynb,ModuleNotFoundError,ModuleNotFoundError,3.6.2,1011
ASintsova/HUTI-RNAseq,analysis/supplement/sequencing_run_table.ipynb,ModuleNotFoundError,ModuleNotFoundError,3.6.2,1011
ATOMconsortium/AMPL,atomsci/ddm/Delaney_Example.ipynb,ModuleNotFoundError,ModuleNotFoundError,3.6.6,349
AllenInstitute/bmtk,docs/tutorial/05_pointnet_modeling.ipynb,ModuleNotFoundError,ModuleNotFoundError,3.6.10,1487
AllenInstitute/bmtk,docs/tutorial/06_population_modeling.ipynb,ModuleNotFoundError,ModuleNotFoundError,3.6.10,1487
AllenInstitute/sonata,tutorials/nwb_sonata/nwb_tutorial.ipynb,ModuleNotFoundError,ModuleNotFoundError,3.6.8,1300
AngelikaZa/SCFC,CorticalGradients.ipynb,ModuleNotFoundError,ModuleNotFoundError,3.7.6,116
AnnaBonkhoff/DFNC_Stroke,Static_FNC_poststroke_191022.ipynb,ModuleNotFoundError,ModuleNotFoundError,3.6.8,451
AnnaBonkhoff/DFNC_Stroke,dFNC_poststroke_segregation_200126.ipynb,ModuleNotFoundError,ModuleNotFoundError,3.7.1,451
AnnaBonkhoff/DFNC_Stroke,dFNC_poststroke_silhouette_measure_200126.ipynb,ModuleNotFoundError,ModuleNotFoundError,3.7.1,451
AnnaBonkhoff/DFNC_Stroke,dfnc_poststroke_replication_200126.ipynb,ModuleNotFoundError,ModuleNotFoundError,3.7.1,451
BDMLab/Sepulveda_et_al_2020,code/perceptual/glamModels/PF2019_GLAM_individual_Less_NoBin_FrameEv_excludedTrial_NUTS_32.ipynb,ModuleNotFoundError,ModuleNotFoundError,3.7.3,182
BDMLab/Sepulveda_et_al_2020,code/perceptual/glamModels/PF2019_GLAM_individual_Less_NoBin_excludedTrial_NUTS_32.ipynb,ModuleNotFoundError,ModuleNotFoundError,3.7.3,182
BDMLab/Sepulveda_et_al_2020,code/perceptual/glamModels/PF2019_GLAM_individual_More_NoBin_excludedTrial_NUTS_32.ipynb,ModuleNotFoundError,ModuleNotFoundError,3.7.3,182
BDMLab/Sepulveda_et_al_2020,code/perceptual/glamModels/PF2019_Individual_simulations_BalanceEvidence_GLAMexcluded.ipynb,ModuleNotFoundError,ModuleNotFoundError,3.7.3,182
BDMLab/Sepulveda_et_al_2020,code/perceptual/glamModels/PF2019_Model_comparison_NoBin_GLAMexcluded.ipynb,ModuleNotFoundError,ModuleNotFoundError,3.7.3,182
BDMLab/Sepulveda_et_al_2020,code/perceptual/glamModels/PF2019_ParamsCompare_More_Less_NoBins.ipynb,ModuleNotFoundError,ModuleNotFoundError,3.7.3,182
BDMLab/Sepulveda_et_al_2020,code/value/analysis/FF2018_RegressionModelsT.ipynb,ModuleNotFoundError,ModuleNotFoundError,3.7.3,182
BDMLab/Sepulveda_et_al_2020,code/value/glamModels/FF2019_GLAM_individual_Dislike_NoBin_FrameEv_NUTS_31.ipynb,ModuleNotFoundError,ModuleNotFoundError,3.7.3,182
BDMLab/Sepulveda_et_al_2020,code/value/glamModels/FF2019_GLAM_individual_Dislike_NoBin_NUTS_31.ipynb,ModuleNotFoundError,ModuleNotFoundError,3.7.3,182
BDMLab/Sepulveda_et_al_2020,code/value/glamModels/FF2019_GLAM_individual_Like_NoBin_NUTS_31.ipynb,ModuleNotFoundError,ModuleNotFoundError,3.7.3,182
BDMLab/Sepulveda_et_al_2020,code/value/glamModels/FF2019_Individual_simulations_BalanceEvidence.ipynb,ModuleNotFoundError,ModuleNotFoundError,3.7.3,182
BDMLab/Sepulveda_et_al_2020,code/value/glamModels/FF2019_Model_comparison_NoBin.ipynb,ModuleNotFoundError,ModuleNotFoundError,3.7.3,182
BDMLab/Sepulveda_et_al_2020,code/value/glamModels/FF2019_Out_of_sample_comparison_Like_Dislike.ipynb,ModuleNotFoundError,ModuleNotFoundError,3.7.3,182
BDMLab/Sepulveda_et_al_2020,code/value/glamModels/FF2019_ParamsCompare_LikeVsDislike_NoBins.ipynb,ModuleNotFoundError,ModuleNotFoundError,3.7.3,182
BUStools/getting_started,aggr_tutorial.ipynb,ModuleNotFoundError,ModuleNotFoundError,3.6.8,472
BUStools/getting_started,getting_started.ipynb,ModuleNotFoundError,ModuleNotFoundError,3.7.3,472
BUStools/getting_started,velocity_tutorial.ipynb,ModuleNotFoundError,ModuleNotFoundError,3.7.1,472
BenjaminSchwessinger/Pst_104_E137_A-_genome,notebooks/Pst_104E_effectors_submission_21092017.ipynb,ImportError,ImportError,3.5.3,1774
BenjaminSchwessinger/Pst_104_E137_A-_genome,notebooks/Pst_104E_v12_BUSCO_summary_submission_21092017.ipynb,ImportError,ImportError,3.5.3,1774
BenjaminSchwessinger/Pst_104_E137_A-_genome,notebooks/Pst_104E_v12_TE_filtering_and_summary_h_contigs_submission_21092017.ipynb,ImportError,ImportError,3.5.3,1774
BenjaminSchwessinger/Pst_104_E137_A-_genome,notebooks/Pst_104E_v12_TE_filtering_and_summary_p_contigs_submission_21092017.ipynb,ImportError,ImportError,3.5.3,1774
BenjaminSchwessinger/Pst_104_E137_A-_genome,notebooks/Pst_104E_v12_coverage_analysis_submission_21092017.ipynb,ImportError,ImportError,3.5.3,1774
BenjaminSchwessinger/Pst_104_E137_A-_genome,notebooks/Pst_104E_v12_defining_alleles_submission_21092017.ipynb,ImportError,ImportError,3.5.3,1774
BenjaminSchwessinger/Pst_104_E137_A-_genome,notebooks/Pst_104E_v12_missing_allele_QC_submission_21092017.ipynb,ImportError,ImportError,3.5.3,1774
BenjaminSchwessinger/Pst_104_E137_A-_genome,notebooks/Pst_104E_v12_post_allele_analysis_submission_21092017.ipynb,ImportError,ImportError,3.5.3,1774
BenjaminSchwessinger/Pst_104_E137_A-_genome,notebooks/Pst_104E_v12_secretome_expression_cluster_analysis_submission_21092017.ipynb,ImportError,ImportError,3.5.3,1774
BenjaminSchwessinger/Pst_104_E137_A-_genome,notebooks/Revision_TE_filtering_and_summary_p_contigs.ipynb,ImportError,ImportError,3.5.3,1774
BenjaminSchwessinger/Pst_104_E137_A-_genome,notebooks/Revision_post_allele_analysis.ipynb,ImportError,ImportError,3.5.3,1774
BiGCAT-UM/FAIR_metrics,code/FAIR_comparison.ipynb,ModuleNotFoundError,ModuleNotFoundError,3.7.3,590
BlueBrain/BluePyOpt,examples/tsodyksmarkramstp/tsodyksmarkramstp.ipynb,ModuleNotFoundError,ModuleNotFoundError,3.7.0,2051
BlueBrain/BluePyOpt,examples/tsodyksmarkramstp/tsodyksmarkramstp_multiplefreqs.ipynb,ModuleNotFoundError,ModuleNotFoundError,3.7.0,2051
BlueBrain/nexus,docs/src/main/paradox/docs/getting-started/notebooks/Linking data on the web.ipynb,ModuleNotFoundError,ModuleNotFoundError,3.6.5,1524
Borda/BIRL,notebooks/ANHIR_submissions-stat.ipynb,ModuleNotFoundError,ModuleNotFoundError,3.6.8,839
Borda/BIRL,notebooks/CIMA_SOTA-results_comparing.ipynb,ModuleNotFoundError,ModuleNotFoundError,3.6.9,839
CHIResearch/IEEEVideo,Figure9.ipynb,ModuleNotFoundError,ModuleNotFoundError,3.7.5,44
CHIResearch/IEEEVideo,Table2_Fig5.ipynb,ModuleNotFoundError,ModuleNotFoundError,3.7.5,44
CHIResearch/IEEEVideo,Table5.ipynb,ModuleNotFoundError,ModuleNotFoundError,3.7.5,44
CitrineInformatics/MPEA_dataset,tests/ML_outlier_id/citrination_predict.ipynb,ModuleNotFoundError,ModuleNotFoundError,3.7.3,178
Crop-Phenomics-Group/Leaf-GP,docs/LeafGP-V1.18-All_Platforms-Final.ipynb,ImportError,ImportError,2.7.11,1806
Crop-Phenomics-Group/Leaf-GP,iPython/LeafGP-V1.18-All_Platforms-Final.ipynb,ImportError,ImportError,2.7.11,1806
Crop-Phenomics-Group/Leaf-GP,iPython/LeafGP-V1.18-Wheat.ipynb,ImportError,ImportError,2.7.11,1806
DamLabResources/hiv-crispr-review,ProcessResults.ipynb,ImportError,ImportError,2.7.12,1861
DamLabResources/hiv-crispr-review,SequenceProcessing.ipynb,ImportError,ImportError,2.7.12,1861
DeepPathology/MITOS_WSI_CMC,Evaluation.ipynb,ModuleNotFoundError,ModuleNotFoundError,3.6.9,519
DeepPathology/MITOS_WSI_CMC,PatchClassifier/CellClassification-CODAEL-b1.ipynb,ModuleNotFoundError,ModuleNotFoundError,3.6.9,519
DeepPathology/MITOS_WSI_CMC,PatchClassifier/CellClassification-MEL-b1.ipynb,ModuleNotFoundError,ModuleNotFoundError,3.6.9,519
DeepPathology/MITOS_WSI_CMC,PatchClassifier/CellClassification-ODAEL-b1.ipynb,ModuleNotFoundError,ModuleNotFoundError,3.6.9,519
DeepPathology/MITOS_WSI_CMC,RetinaNet-CMC-CODAEL.ipynb,ModuleNotFoundError,ModuleNotFoundError,3.6.9,519
DeepPathology/MITOS_WSI_CMC,RetinaNet-CMC-MEL.ipynb,ModuleNotFoundError,ModuleNotFoundError,3.6.9,519
DeepPathology/MITOS_WSI_CMC,RetinaNet-CMC-ODAEL.ipynb,ModuleNotFoundError,ModuleNotFoundError,3.6.9,519
DeepPathology/MITOS_WSI_CMC,databases/databaseStatistics.ipynb,ModuleNotFoundError,ModuleNotFoundError,3.6.9,519
DriskellLab/Priming-Skin-to-Regenerate-by-Inducing-Lef1-Expression-in-Fibroblasts-,Figure1a-c Supp Fig1b-c.ipynb,ModuleNotFoundError,ModuleNotFoundError,3.7.4,635
DriskellLab/Priming-Skin-to-Regenerate-by-Inducing-Lef1-Expression-in-Fibroblasts-,Phan et al. Figure 1 d-g.ipynb,ModuleNotFoundError,ModuleNotFoundError,3.7.4,635
DriskellLab/Priming-Skin-to-Regenerate-by-Inducing-Lef1-Expression-in-Fibroblasts-,Phan et al. Figure 2 Part 1.ipynb,ModuleNotFoundError,ModuleNotFoundError,3.7.6,635
DriskellLab/Priming-Skin-to-Regenerate-by-Inducing-Lef1-Expression-in-Fibroblasts-,Phan et al. Figure 2 Part 2.ipynb,ModuleNotFoundError,ModuleNotFoundError,3.7.6,635
DrubinBarnes/YeastTrackAnalysis,analysis_3_analyzeSingleTracks_multiTrack_2_tracePlots_averages.ipynb,ModuleNotFoundError,ModuleNotFoundError,3.6.3,920
DrubinBarnes/YeastTrackAnalysis,analysis_pipeline.ipynb,ModuleNotFoundError,ModuleNotFoundError,3.6.3,920
EBosi/scPanBetaT2D,single-cell_workflow_analyses.ipynb,ModuleNotFoundError,ModuleNotFoundError,3.6.8,25
EESI/ISM,ISM-report-20200412-with_error_correction.ipynb,ImportError,ImportError,3.5.4,275
EESI/ISM,ISM-report-20200419-with_error_correction.ipynb,ImportError,ImportError,3.5.4,275
EESI/ISM,ISM-report-20200426-with_error_correction.ipynb,ImportError,ImportError,3.5.4,275
EESI/ISM,ISM-report-20200507-with_error_correction.ipynb,ImportError,ImportError,3.5.4,275
EESI/ISM,ISM-report-20200515-with_error_correction.ipynb,ImportError,ImportError,3.5.4,275
EESI/ISM,ISM-report-20200531-with_error_correction.ipynb,ImportError,ImportError,3.5.4,275
EESI/ISM,ISM-report-20200617-with_error_correction-compressed-SHORT-ISM.ipynb,ImportError,ImportError,3.5.4,275
EESI/ISM,ISM-report_20200405.ipynb,ImportError,ImportError,3.5.4,275
EESI/ISM,demo.ipynb,ImportError,ImportError,3.5.4,275
EducationalTestingService/factor_analyzer,tests/notebooks/get_results_in_python.ipynb,ImportError,ImportError,3.6.0,40
FowlerLab/vcs_2019,vcs_nls/nls_post_sort_validation/code/post-sort-NLS-imaging.ipynb,ModuleNotFoundError,ModuleNotFoundError,3.7.0,428
FowlerLab/vcs_2019,vcs_nls/nls_scores/code/nls_data_analysis.ipynb,ModuleNotFoundError,ModuleNotFoundError,3.7.0,428
FowlerLab/vcs_2019,vcs_proof_of_concept/activation_decay/code/activation_decay.ipynb,ModuleNotFoundError,ModuleNotFoundError,3.7.0,428
FowlerLab/vcs_2019,vcs_proof_of_concept/activation_fourbin/code/activation_fourbin.ipynb,ModuleNotFoundError,ModuleNotFoundError,3.7.0,428
FrancescoFerrari88/code_DOT1L_paper,figure_1/NOTEBOOKS/S1d_GO_ENRICHMENT_NPC48h_vs_mESC.ipynb,ModuleNotFoundError,ModuleNotFoundError,3.6.7,603
FrancescoFerrari88/code_DOT1L_paper,figure_2/NOTEBOOKS/S2a_GLOBAL_CHANGES_FOR_EACH_CHROM_STATE.ipynb,ModuleNotFoundError,ModuleNotFoundError,3.6.7,603
FrancescoFerrari88/code_DOT1L_paper,figure_3/NOTEBOOKS/3a-3b_EPZ_vs_DMSO_H3K79me2_GLOBAL_BULCK_&_LOCUS-SPECIFIC_CHANGES.ipynb,ModuleNotFoundError,ModuleNotFoundError,3.6.7,603
FrancescoFerrari88/code_DOT1L_paper,figure_3/NOTEBOOKS/S3d_INTERSECT_DEG_mESC_NPC48h.ipynb,ModuleNotFoundError,ModuleNotFoundError,3.6.7,603
FrancescoFerrari88/code_DOT1L_paper,figure_4/NOTEBOOKS/4a_GLOBAL_HISTONE_TPM_CHANGES_EPZ_vs_DMSO.ipynb,ModuleNotFoundError,ModuleNotFoundError,3.6.7,603
FrancescoFerrari88/code_DOT1L_paper,figure_4/NOTEBOOKS/4b_ECDF_H3K4me3_H3K27ac_onPromoter_mESC_NPC48h.ipynb,ModuleNotFoundError,ModuleNotFoundError,3.6.7,603
FredHutch/FAMLI,schematic/FAMLI-schematic-figure-GB.ipynb,ModuleNotFoundError,ModuleNotFoundError,3.7.3,608
FredHutch/famli,schematic/FAMLI-schematic-figure-GB.ipynb,ModuleNotFoundError,ModuleNotFoundError,3.7.3,1141
GHFC/Stratipy,data_formatting/PPI_APID.ipynb,ModuleNotFoundError,ModuleNotFoundError,3.6.5,1642
HazyResearch/metal,metal/contrib/backends/CDR.ipynb,ImportError,ImportError,3.6.8,518
Healthink/PIC,demo/ICU stay prediction.ipynb,ModuleNotFoundError,ModuleNotFoundError,3.7.1,896
Healthink/PIC,demo/bloodpressure_mortality_demo.ipynb,ModuleNotFoundError,ModuleNotFoundError,3.7.1,896
Healthink/PIC,statistics/PIC-paper-tables.ipynb,ModuleNotFoundError,ModuleNotFoundError,3.7.1,896
Huitzilo/glomcentric_code,MOB_Fig_SpH.ipynb,ImportError,ImportError,2.7.13,897
Huitzilo/glomcentric_code,MOB_Fig_decomp_and_spec.ipynb,ImportError,ImportError,2.7.13,897
Huitzilo/glomcentric_code,MOB_Fig_univar_multivar.ipynb,ImportError,ImportError,2.7.13,897
HullUni-bioinformatics/Harper_et_al_2018,Reference_database/Amphibians/SATIVA/createSATIVAtaxfile.ipynb,ImportError,ImportError,2.7.6,1672
HullUni-bioinformatics/Harper_et_al_2018,Reference_database/Birds/SATIVA/createSATIVAtaxfile.ipynb,ImportError,ImportError,2.7.6,1672
HullUni-bioinformatics/Harper_et_al_2018,Reference_database/Mammals/SATIVA/createSATIVAtaxfile.ipynb,ImportError,ImportError,2.7.6,1672
HullUni-bioinformatics/ReproPhylo,Tutorial_files/Basic/3.10 Tree annotation and report.ipynb,ImportError,ImportError,2.7.6,2100
HullUni-bioinformatics/ReproPhylo,Tutorial_files/Basic/3.2 Starting a Project.ipynb,ImportError,ImportError,2.7.6,2100
HullUni-bioinformatics/ReproPhylo,Tutorial_files/Basic/3.3 Reading data.ipynb,ImportError,ImportError,2.7.6,2100
HullUni-bioinformatics/ReproPhylo,Tutorial_files/Basic/3.5 Pre alignment filtering.ipynb,ImportError,ImportError,2.7.6,2100
HullUni-bioinformatics/ReproPhylo,Tutorial_files/Basic/3.6 Producing and accessing sequence alignment.ipynb,ImportError,ImportError,2.7.6,2100
HullUni-bioinformatics/ReproPhylo,Tutorial_files/Basic/3.7 Alignment trimming.ipynb,ImportError,ImportError,2.7.6,2100
HullUni-bioinformatics/ReproPhylo,Tutorial_files/Basic/3.8 Building a supermatrix.ipynb,ImportError,ImportError,2.7.6,2100
HullUni-bioinformatics/ReproPhylo,Tutorial_files/Basic/3.9 Reconstructing trees.ipynb,ImportError,ImportError,2.7.6,2100
HullUni-bioinformatics/ReproPhylo,Tutorial_files/Git/Git_Demo.ipynb,ImportError,ImportError,2.7.6,2100
HullUni-bioinformatics/ReproPhylo,Tutorial_files/Use_cases/Parameter_space_exploration_2/Whelan2015_Dataset12.ipynb,ImportError,ImportError,2.7.6,2100
HullUni-bioinformatics/metaBEAT,examples/add_metadata/add_metadata.ipynb,ImportError,ImportError,2.7.6,1671
Hurley-Lab/FIP-NDP52-paper,GUVintensity.ipynb,ImportError,ImportError,3.6.7,300
IDR/idr-notebooks,CalculateSharpness.ipynb,ImportError,ImportError,2.7.15,1937
IDR/idr-notebooks,Figure_1_Sampling_of_Phenotypes.ipynb,ImportError,ImportError,2.7.14,1937
IDR/idr-notebooks,GeneNetwork.ipynb,ImportError,ImportError,2.7.14,1937
IDR/idr-notebooks,GenesToPhenotypes.ipynb,ModuleNotFoundError,ModuleNotFoundError,3.7.8,1937
IDR/idr-notebooks,Getting_Started.ipynb,ImportError,ImportError,2.7.6,1937
IDR/idr-notebooks,PCAanalysisOfCharmFeatures.ipynb,ImportError,ImportError,2.7.13,1937
IDR/idr-notebooks,QueryIDRWithGeneLists.ipynb,ModuleNotFoundError,ModuleNotFoundError,3.7.8,1937
IDR/idr-notebooks,RohnPhenotypeClustering.ipynb,ModuleNotFoundError,ModuleNotFoundError,3.7.8,1937
IDR/idr-notebooks,SysgroOverview.ipynb,ImportError,ImportError,2.7.13,1937
IDR/idr-notebooks,SysgroRoiLength.ipynb,ModuleNotFoundError,ModuleNotFoundError,3.7.8,1937
IanEisenberg/Self_Regulation_Ontology,prediction_analyses/PredictionResults.ipynb,ModuleNotFoundError,ModuleNotFoundError,3.6.3,1251
IanEisenberg/Self_Regulation_Ontology,prediction_analyses/PredictionResults_factors.ipynb,ModuleNotFoundError,ModuleNotFoundError,3.6.2,1251
JohSchoeneberg/pyLattice,src/SwAK_tools/rotate180/SwAK_rotate180.ipynb,ModuleNotFoundError,ModuleNotFoundError,3.6.9,1516
JohSchoeneberg/pyLattice,src/jupyter/detectedPuncta_csv2bild.ipynb,ModuleNotFoundError,ModuleNotFoundError,3.6.3,1516
JohSchoeneberg/pyLattice,src/jupyter/detectedPuncta_detectApicalBasalLateralSeparationLine_3D.ipynb,ModuleNotFoundError,ModuleNotFoundError,3.6.3,1516
JohSchoeneberg/pyLattice,src/jupyter/detectedTracksProcessed_apibasointer_lifetimeCohorts.ipynb,ModuleNotFoundError,ModuleNotFoundError,3.6.3,1516
JohSchoeneberg/pyLattice,src/jupyter/detectedTracksProcessed_cropInputMovie_zoomOnTrack_createBox.ipynb,ModuleNotFoundError,ModuleNotFoundError,3.6.3,1516
JohSchoeneberg/pyLattice,src/jupyter/detectedTracksProcessed_csv2bild.ipynb,ModuleNotFoundError,ModuleNotFoundError,3.6.3,1516
JohSchoeneberg/pyLattice,src/jupyter/detectedTracks_analyze.ipynb,ModuleNotFoundError,ModuleNotFoundError,3.6.3,1516
JohSchoeneberg/pyLattice,src/jupyter/detectedTracks_csv2bild.ipynb,ModuleNotFoundError,ModuleNotFoundError,3.6.3,1516
JohSchoeneberg/pyLattice,src/jupyter/detectedTracks_plot.ipynb,ModuleNotFoundError,ModuleNotFoundError,3.6.3,1516
JohSchoeneberg/pyLattice,src/jupyter/latticeMovie_cropRegion_parallel.ipynb,ModuleNotFoundError,ModuleNotFoundError,3.6.3,1516
JohSchoeneberg/pyLattice,src/python/pylattice/classes/Track_test.ipynb,ModuleNotFoundError,ModuleNotFoundError,3.6.3,1516
KULL-Centre/papers,2019/IDP-methods-Ahmed-et-al/notebook/analyzing_rg_and_rh_1.0.ipynb,ModuleNotFoundError,ModuleNotFoundError,3.6.8,419
KULL-Centre/papers,2019/PTEN-variants-Jepsen-et-al/figures-and-calculations.ipynb,ModuleNotFoundError,ModuleNotFoundError,3.6.5,419
KULL-Centre/papers,2020/COVID_5UTR_MD/SL1/ANALYSIS/SL1_annotate.ipynb,ModuleNotFoundError,ModuleNotFoundError,3.7.3,419
KULL-Centre/papers,2020/COVID_5UTR_MD/SL1/ANALYSIS/SL1_cluster.ipynb,ModuleNotFoundError,ModuleNotFoundError,3.7.3,419
KULL-Centre/papers,2020/COVID_5UTR_MD/SL2/ANALYSIS/annotate_SL2.ipynb,ModuleNotFoundError,ModuleNotFoundError,3.7.3,419
KULL-Centre/papers,2020/COVID_5UTR_MD/SL23/ANALYSIS/annotate_SL23.ipynb,ModuleNotFoundError,ModuleNotFoundError,3.6.7,419
KULL-Centre/papers,2020/COVID_5UTR_MD/SL23/ANALYSIS/cluster_SL23.ipynb,ModuleNotFoundError,ModuleNotFoundError,3.7.3,419
KULL-Centre/papers,2020/COVID_5UTR_MD/SL4/ANALYSIS/annotate_SL4.ipynb,ModuleNotFoundError,ModuleNotFoundError,3.7.3,419
KULL-Centre/papers,2020/COVID_5UTR_MD/SL5A/ANALYSIS/cluster_SL5A.ipynb,ModuleNotFoundError,ModuleNotFoundError,3.6.7,419
KULL-Centre/papers,2020/UUCG-dynamics-Bottaro-et-al/SI4_random_forest.ipynb,ModuleNotFoundError,ModuleNotFoundError,3.6.9,419
KULL-Centre/papers,2020/UUCG-dynamics-Bottaro-et-al/calculate_observables.ipynb,ModuleNotFoundError,ModuleNotFoundError,3.6.9,419
KULL-Centre/papers,2020/UUCG-dynamics-Bottaro-et-al/figure2.ipynb,ModuleNotFoundError,ModuleNotFoundError,3.6.9,419
KULL-Centre/papers,2020/nanodisc-bengtsen-et-al/DEER_and_PRE/notebook.ipynb,ModuleNotFoundError,ModuleNotFoundError,3.7.6,419
KULL-Centre/papers,2021/aSYN-ahmed-et-al/BME_analysis/BME_analysis_example.ipynb,ModuleNotFoundError,ModuleNotFoundError,3.6.8,419
KULL-Centre/papers,2021/aSYN-ahmed-et-al/DEER-PREdict_analysis/DEER-PREdict_Calculations.ipynb,ImportError,ImportError,2.7.15,419
KaliLab/hippounit,docs/source/Migliore_2011_all_tests.ipynb,ModuleNotFoundError,ModuleNotFoundError,3.6.9,14
KirstenHilger/AttentionGo1,02_AttentionGo_Burst1_PrePro_KH_FINAL.ipynb,ModuleNotFoundError,ModuleNotFoundError,3.7.4,138
LP26/Pollack-Lab-Cornell,WAXS-XGBoost-Radius-Training.ipynb,ModuleNotFoundError,ModuleNotFoundError,3.7.3,659
LidarLiu/ALS_Classification_Hierarchically_Geometry_Intensity,Joint_DT_unsupervised.ipynb,ImportError,ImportError,3.6.3,1009
LidarLiu/ALS_Classification_Hierarchically_Geometry_Intensity,Joint_RF_unsupervised.ipynb,ImportError,ImportError,3.6.3,1009
LidarLiu/ALS_Classification_Hierarchically_Geometry_Intensity,Joint_XGBoost_unsupervised.ipynb,ModuleNotFoundError,ModuleNotFoundError,3.6.3,1009
LidarLiu/ALS_Classification_Hierarchically_Geometry_Intensity,Parameter_2.ipynb,ImportError,ImportError,3.6.3,1009
LobellLab/csdl,validate_map/2_countyTimeTrends.ipynb,ModuleNotFoundError,ModuleNotFoundError,3.7.4,634
M0hammadL/scGen_notebooks,notebooks/scgen_batch_removal.ipynb,ModuleNotFoundError,ModuleNotFoundError,3.7.6,146
M0hammadL/scGen_notebooks,notebooks/scgen_kang.ipynb,ModuleNotFoundError,ModuleNotFoundError,3.7.6,146
MChavent/Hbond-analysis,H-bond_analysis.ipynb,ImportError,ImportError,2.7.12,871
MLWave/kepler-mapper,docs/notebooks/Adapters.ipynb,ModuleNotFoundError,ModuleNotFoundError,3.7.1,1196
MLWave/kepler-mapper,docs/notebooks/Confidence-Graphs.ipynb,ModuleNotFoundError,ModuleNotFoundError,3.6.4,1196
MLWave/kepler-mapper,docs/notebooks/Plotly-Demo.ipynb,ModuleNotFoundError,ModuleNotFoundError,3.7.1,1196
MLWave/kepler-mapper,examples/cat/cat.ipynb,ModuleNotFoundError,ModuleNotFoundError,3.6.4,1196
MLWave/kepler-mapper,examples/digits/digits.ipynb,ModuleNotFoundError,ModuleNotFoundError,3.6.4,1196
MLWave/kepler-mapper,examples/makecircles/make-circles-with-plotly.ipynb,ModuleNotFoundError,ModuleNotFoundError,3.6.4,1196
MaayanLab/CCLE_Clustergrammer,notebooks/Calculate_CCLE_Tissue_Heatmaps.ipynb,ImportError,ImportError,2.7.12,1880
MaayanLab/CCLE_Clustergrammer,notebooks/Clustergrammer_CCLE_Notebook.ipynb,ImportError,ImportError,2.7.12,1880
MaayanLab/CCLE_Clustergrammer,notebooks/Tissue_Specific_Viz.ipynb,ModuleNotFoundError,ModuleNotFoundError,3.6.5,1880
MaayanLab/CCLE_Clustergrammer,notebooks/duplicate_CCLE.ipynb,ImportError,ImportError,2.7.12,1880
MaayanLab/CST_Lung_Cancer_Viz,notebooks/Biological_Duplicate_PTM_Correlations.ipynb,ImportError,ImportError,2.7.12,1878
MaayanLab/CST_Lung_Cancer_Viz,notebooks/CST_Data_Processing.ipynb,ImportError,ImportError,2.7.12,1878
MaayanLab/CST_Lung_Cancer_Viz,notebooks/CST_Data_Viz.ipynb,ImportError,ImportError,2.7.12,1878
MaayanLab/CST_Lung_Cancer_Viz,notebooks/CST_PTM_Data_Overview.ipynb,ImportError,ImportError,2.7.12,1878
MaayanLab/CST_Lung_Cancer_Viz,notebooks/Homepage_Figures.ipynb,ImportError,ImportError,2.7.12,1878
MaayanLab/CST_Lung_Cancer_Viz,notebooks/Improved_Quantile_Normalization.ipynb,ImportError,ImportError,2.7.12,1878
MaayanLab/CST_Lung_Cancer_Viz,notebooks/Merged_NSCLC_Cluster.ipynb,ImportError,ImportError,2.7.12,1878
MaayanLab/CST_Lung_Cancer_Viz,notebooks/Merged_PTM_Expression.ipynb,ImportError,ImportError,2.7.12,1878
MaayanLab/CST_Lung_Cancer_Viz,notebooks/Merged_SCLC_Cluster.ipynb,ImportError,ImportError,2.7.12,1878
MaayanLab/CST_Lung_Cancer_Viz,notebooks/PTM_Biological_Replicates.ipynb,ImportError,ImportError,2.7.12,1878
MaayanLab/CST_Lung_Cancer_Viz,notebooks/t-SNE_Cell_Line_Clustering_Gene_Expression.ipynb,ImportError,ImportError,2.7.12,1878
MaayanLab/CST_Lung_Cancer_Viz,notebooks/t-SNE_Cell_Line_Clustering_Phosphorylation.ipynb,ImportError,ImportError,2.7.12,1878
MaayanLab/Cytof_Plasma_PMA,notebooks/Compare_Cell-Type_Distribution_PMA_Treatment.ipynb,ImportError,ImportError,2.7.12,1879
MaayanLab/Cytof_Plasma_PMA,notebooks/Generate_Cell_Types.ipynb,ImportError,ImportError,2.7.12,1879
MaayanLab/Cytof_Plasma_PMA,notebooks/Generate_Cell_Types_[old].ipynb,ImportError,ImportError,2.7.12,1879
MaayanLab/Cytof_Plasma_PMA,notebooks/PMA_Treatment.ipynb,ImportError,ImportError,2.7.12,1879
MaayanLab/Cytof_Plasma_PMA,notebooks/Plasma_Treatment.ipynb,ImportError,ImportError,2.7.12,1879
MaayanLab/Cytof_Plasma_PMA,notebooks/Plasma_vs_PMA_Phosphorylation.ipynb,ImportError,ImportError,2.7.12,1879
MaayanLab/Cytof_Plasma_PMA,notebooks/Plasma_vs_PMA_Surface_Markers.ipynb,ImportError,ImportError,2.7.12,1879
MaayanLab/Cytof_Plasma_PMA,notebooks/Plasma_vs_PMA_Visualization.ipynb,ImportError,ImportError,2.7.12,1879
MaayanLab/Cytof_Plasma_PMA,notebooks/archive/quick view downsample data.ipynb,ImportError,ImportError,2.7.12,1879
MaayanLab/MNIST_heatmaps,notebooks/MNIST_Notebook.ipynb,ImportError,ImportError,2.7.12,1881
MaayanLab/USDA_Nutrients_Viz,USDA_Nutrients.ipynb,ImportError,ImportError,2.7.12,1882
MaxVidgof/cherry-picker,cherrypicker.ipynb,ModuleNotFoundError,ModuleNotFoundError,3.7.4,757
MaxVidgof/cherry-picker,cherrypicker_filter_only.ipynb,ModuleNotFoundError,ModuleNotFoundError,3.7.4,757
Murali-group/PathLinker-Cytoscape,cytoscape-automation-example/lovastatin_analysis.ipynb,ImportError,ImportError,2.7.12,1654
Murali-group/PathLinker-Cytoscape,cytoscape-automation-example/simple_use_case.ipynb,ImportError,ImportError,2.7.12,1654
NERC-CEH/datalab,code/notebooks/jupyter/local_netCDF.ipynb,ModuleNotFoundError,ModuleNotFoundError,3.6.2,576
NREL/alfabet,Untitled.ipynb,ModuleNotFoundError,ModuleNotFoundError,3.7.4,466
NREL/alfabet,examples/run_test_predictions.ipynb,ModuleNotFoundError,ModuleNotFoundError,3.7.4,466
NanoCommons/wgf-fairdata-analysis,FAIR_assessment_ChEMBL.ipynb,ModuleNotFoundError,ModuleNotFoundError,3.7.6,591
NanoCommons/wgf-fairdata-analysis,FAIR_assessment_NanoCommons.ipynb,ModuleNotFoundError,ModuleNotFoundError,3.7.6,591
NanoCommons/wgf-fairdata-analysis,FAIR_assessment_Plot_all.ipynb,ModuleNotFoundError,ModuleNotFoundError,3.7.6,591
NanoCommons/wgf-fairdata-analysis,FAIR_assessment_cnanolab.ipynb,ModuleNotFoundError,ModuleNotFoundError,3.7.6,591
NanoCommons/wgf-fairdata-analysis,FAIR_assessment_eNanoMapper.ipynb,ModuleNotFoundError,ModuleNotFoundError,3.7.6,591
NeuralEnsemble/elephant,doc/tutorials/gpfa.ipynb,ImportError,ImportError,3.7.3,1593
Neuroinflab/kCSD-python,figures/kCSD_properties/kCSD_figures_for_NEURON.ipynb,ModuleNotFoundError,ModuleNotFoundError,3.7.3,1533
Neuroinflab/kCSD-python,figures/npx/Neuropixels_for_NEURON.ipynb,ModuleNotFoundError,ModuleNotFoundError,3.7.3,1533
PBrockmann/ipython_ferretmagic,notebooks/ferretBasics.ipynb,ModuleNotFoundError,ModuleNotFoundError,3.7.3,34
PBrockmann/ipython_ferretmagic,notebooks/ferretmagic_01_Discovering.ipynb,ModuleNotFoundError,ModuleNotFoundError,3.7.3,34
PBrockmann/ipython_ferretmagic,notebooks/ferretmagic_02_PassDataFromPythonToFerret.ipynb,ModuleNotFoundError,ModuleNotFoundError,3.7.3,34
PBrockmann/ipython_ferretmagic,notebooks/ferretmagic_03_GetAndPutData.ipynb,ModuleNotFoundError,ModuleNotFoundError,3.7.3,34
PBrockmann/ipython_ferretmagic,notebooks/ferretmagic_04_Monitoring.ipynb,ModuleNotFoundError,ModuleNotFoundError,3.7.3,34
PBrockmann/ipython_ferretmagic,notebooks/ferretmagic_05_Linemagic.ipynb,ModuleNotFoundError,ModuleNotFoundError,3.7.3,34
PBrockmann/ipython_ferretmagic,notebooks/ferretmagic_06_InteractWidget.ipynb,ModuleNotFoundError,ModuleNotFoundError,3.7.3,34
PBrockmann/ipython_ferretmagic,notebooks/ferretmagic_07_Rmagic.ipynb,ModuleNotFoundError,ModuleNotFoundError,3.7.5,34
PBrockmann/ipython_ferretmagic,notebooks/ferretmagic_08_PassDataFromFerretToPython_bokeh.ipynb,ModuleNotFoundError,ModuleNotFoundError,3.7.3,34
PBrockmann/ipython_ferretmagic,notebooks/test.ipynb,ModuleNotFoundError,ModuleNotFoundError,3.7.3,34
PathwayForte/results,notebooks/curation/wikipathways_new_mappings.ipynb,ModuleNotFoundError,ModuleNotFoundError,3.6.2,950
PathwayForte/results,notebooks/evaluation/Comparisons of P-Value Distributions of Pathway Analogs.ipynb,ModuleNotFoundError,ModuleNotFoundError,3.7.3,950
PathwayForte/results,notebooks/evaluation/analogues_comparison/gsea_analogues.ipynb,ModuleNotFoundError,ModuleNotFoundError,3.6.5,950
PathwayForte/results,notebooks/evaluation/analogues_comparison/ora_analogues.ipynb,ModuleNotFoundError,ModuleNotFoundError,3.6.2,950
PathwayForte/results,notebooks/evaluation/analogues_comparison/spia_analogues.ipynb,ModuleNotFoundError,ModuleNotFoundError,3.6.2,950
PathwayForte/results,notebooks/evaluation/full_database/gsea_results.ipynb,ModuleNotFoundError,ModuleNotFoundError,3.6.5,950
PathwayForte/results,notebooks/evaluation/full_database/ora_results.ipynb,ModuleNotFoundError,ModuleNotFoundError,3.6.5,950
PathwayForte/results,notebooks/evaluation/full_database/spia_results.ipynb,ModuleNotFoundError,ModuleNotFoundError,3.6.5,950
PathwayForte/results,notebooks/others/database_occurrence.ipynb,ModuleNotFoundError,ModuleNotFoundError,3.6.5,950
PathwayForte/results,notebooks/others/enrichment/py_deseq2.ipynb,ModuleNotFoundError,ModuleNotFoundError,3.6.5,950
PathwayForte/results,notebooks/others/prediction/subtype/brca_model_roc.ipynb,ModuleNotFoundError,ModuleNotFoundError,3.6.5,950
PathwayForte/results,notebooks/others/prediction/subtype/model_roc.ipynb,ModuleNotFoundError,ModuleNotFoundError,3.6.5,950
PathwayForte/results,notebooks/others/prediction/survival/extract_survival_times.ipynb,ModuleNotFoundError,ModuleNotFoundError,3.6.5,950
PathwayMerger/PathMe-Resources,notebooks/case_scenarios/evaluating_similarity_equivalent_pathways.ipynb,ModuleNotFoundError,ModuleNotFoundError,3.6.5,1268
PathwayMerger/PathMe-Resources,notebooks/case_scenarios/global_database_comparison.ipynb,ModuleNotFoundError,ModuleNotFoundError,3.6.5,1268
PathwayMerger/PathMe-Resources,notebooks/case_scenarios/visualizing_similarity_equivalent_pathways.ipynb,ModuleNotFoundError,ModuleNotFoundError,3.6.5,1268
PathwayMerger/PathMe-Resources,notebooks/kegg/kegg_gene_sets.ipynb,ModuleNotFoundError,ModuleNotFoundError,3.6.5,1268
PathwayMerger/PathMe-Resources,notebooks/kegg/kegg_to_bel_statistics.ipynb,ModuleNotFoundError,ModuleNotFoundError,3.6.5,1268
PathwayMerger/PathMe-Resources,notebooks/others/PathMe to BEL.ipynb,ModuleNotFoundError,ModuleNotFoundError,3.6.5,1268
PathwayMerger/PathMe-Resources,notebooks/others/namespace_analysis.ipynb,ModuleNotFoundError,ModuleNotFoundError,3.6.5,1268
PathwayMerger/PathMe-Resources,notebooks/others/pathway_similarity_heatmap.ipynb,ModuleNotFoundError,ModuleNotFoundError,3.6.5,1268
PathwayMerger/PathMe-Resources,notebooks/reactome/reactome_to_bel_statistics.ipynb,ModuleNotFoundError,ModuleNotFoundError,3.6.5,1268
PathwayMerger/PathMe-Resources,notebooks/wikipathways/wikipathways_to_bel_statistics.ipynb,ModuleNotFoundError,ModuleNotFoundError,3.6.5,1268
PeyracheLab/NeuroBoostedTrees,notebook/NeuroBoostedTrees.ipynb,ImportError,ImportError,2.7.12,1737
QI2lab/OPM,Reconstruction-python/Untitled.ipynb,ModuleNotFoundError,ModuleNotFoundError,3.8.5,548
QI2lab/OPM,wavefront/Direct wavefront measurement for OPM.ipynb,ModuleNotFoundError,ModuleNotFoundError,3.8.6,548
QTB-HHU/photosynthesismodel,run.ipynb,ModuleNotFoundError,ModuleNotFoundError,3.6.6,1360
Qiskit/qiskit-terra,test/python/notebooks/test_backend_tools.ipynb,ImportError,ImportError,3.7.3,1476
Qiskit/qiskit-tutorial,start_here.ipynb,ModuleNotFoundError,ModuleNotFoundError,3.7.4,1478
Qiskit/qiskit-tutorial,tutorials/algorithms/01_algorithms_introduction.ipynb,ModuleNotFoundError,ModuleNotFoundError,3.7.8,1478
Qiskit/qiskit-tutorial,tutorials/algorithms/02_vqe_convergence.ipynb,ModuleNotFoundError,ModuleNotFoundError,3.6.1,1478
Qiskit/qiskit-tutorial,tutorials/algorithms/03_vqe_simulation_with_noise.ipynb,ModuleNotFoundError,ModuleNotFoundError,3.7.8,1478
Qiskit/qiskit-tutorial,tutorials/algorithms/04_vqe_advanced.ipynb,ModuleNotFoundError,ModuleNotFoundError,3.6.1,1478
Qiskit/qiskit-tutorial,tutorials/algorithms/05_iqpe_from_vqe.ipynb,ModuleNotFoundError,ModuleNotFoundError,3.6.1,1478
Qiskit/qiskit-tutorial,tutorials/algorithms/06_qaoa.ipynb,ModuleNotFoundError,ModuleNotFoundError,3.6.1,1478
Qiskit/qiskit-tutorial,tutorials/algorithms/07_grover.ipynb,ModuleNotFoundError,ModuleNotFoundError,3.8.6,1478
Qiskit/qiskit-tutorial,tutorials/algorithms/08_grover_examples.ipynb,ModuleNotFoundError,ModuleNotFoundError,3.6.1,1478
Qiskit/qiskit-tutorial,tutorials/algorithms/09_textbook_algorithms.ipynb,ModuleNotFoundError,ModuleNotFoundError,3.6.1,1478
Qiskit/qiskit-tutorial,tutorials/chemistry/02_vibronic_structure.ipynb,ModuleNotFoundError,ModuleNotFoundError,3.6.10,1478
Qiskit/qiskit-tutorial,tutorials/chemistry/03_ground_state_solvers.ipynb,ModuleNotFoundError,ModuleNotFoundError,3.6.9,1478
Qiskit/qiskit-tutorial,tutorials/chemistry/05_Sampling_potential_energy_surfaces.ipynb,ModuleNotFoundError,ModuleNotFoundError,3.6.12,1478
Qiskit/qiskit-tutorial,tutorials/chemistry/06_calculating_thermodynamic_observables.ipynb,ModuleNotFoundError,ModuleNotFoundError,3.6.12,1478
Qiskit/qiskit-tutorial,tutorials/circuits/1_getting_started_with_qiskit.ipynb,ModuleNotFoundError,ModuleNotFoundError,3.7.3,1478
Qiskit/qiskit-tutorial,tutorials/circuits/2_plotting_data_in_qiskit.ipynb,ModuleNotFoundError,ModuleNotFoundError,3.7.7,1478
Qiskit/qiskit-tutorial,tutorials/circuits/3_summary_of_quantum_operations.ipynb,ModuleNotFoundError,ModuleNotFoundError,3.8.2,1478
Qiskit/qiskit-tutorial,tutorials/circuits_advanced/01_advanced_circuits.ipynb,ModuleNotFoundError,ModuleNotFoundError,3.8.2,1478
Qiskit/qiskit-tutorial,tutorials/circuits_advanced/02_operators_overview.ipynb,ModuleNotFoundError,ModuleNotFoundError,3.7.7,1478
Qiskit/qiskit-tutorial,tutorials/circuits_advanced/03_advanced_circuit_visualization.ipynb,ModuleNotFoundError,ModuleNotFoundError,3.7.7,1478
Qiskit/qiskit-tutorial,tutorials/circuits_advanced/04_transpiler_passes_and_passmanager.ipynb,ModuleNotFoundError,ModuleNotFoundError,3.7.7,1478
Qiskit/qiskit-tutorial,tutorials/circuits_advanced/05_pulse_gates.ipynb,ModuleNotFoundError,ModuleNotFoundError,3.9.1,1478
Qiskit/qiskit-tutorial,tutorials/circuits_advanced/06_building_pulse_schedules.ipynb,ModuleNotFoundError,ModuleNotFoundError,3.9.1,1478
Qiskit/qiskit-tutorial,tutorials/circuits_advanced/07_pulse_scheduler.ipynb,ModuleNotFoundError,ModuleNotFoundError,3.9.1,1478
Qiskit/qiskit-tutorial,tutorials/circuits_advanced/08_gathering_system_information.ipynb,ModuleNotFoundError,ModuleNotFoundError,3.9.1,1478
Qiskit/qiskit-tutorial,tutorials/circuits_advanced/09_pulse_simulator_duffing_model.ipynb,ModuleNotFoundError,ModuleNotFoundError,3.8.5,1478
Qiskit/qiskit-tutorial,tutorials/circuits_advanced/10_pulse_simulator_backend_model.ipynb,ModuleNotFoundError,ModuleNotFoundError,3.8.3,1478
Qiskit/qiskit-tutorial,tutorials/finance/01_portfolio_optimization.ipynb,ModuleNotFoundError,ModuleNotFoundError,3.7.7,1478
Qiskit/qiskit-tutorial,tutorials/finance/02_portfolio_diversification.ipynb,ModuleNotFoundError,ModuleNotFoundError,3.7.7,1478
Qiskit/qiskit-tutorial,tutorials/finance/03_european_call_option_pricing.ipynb,ModuleNotFoundError,ModuleNotFoundError,3.7.7,1478
Qiskit/qiskit-tutorial,tutorials/finance/04_european_put_option_pricing.ipynb,ModuleNotFoundError,ModuleNotFoundError,3.7.7,1478
Qiskit/qiskit-tutorial,tutorials/finance/05_bull_spread_pricing.ipynb,ModuleNotFoundError,ModuleNotFoundError,3.7.7,1478
Qiskit/qiskit-tutorial,tutorials/finance/06_basket_option_pricing.ipynb,ModuleNotFoundError,ModuleNotFoundError,3.7.7,1478
Qiskit/qiskit-tutorial,tutorials/finance/07_asian_barrier_spread_pricing.ipynb,ModuleNotFoundError,ModuleNotFoundError,3.7.7,1478
Qiskit/qiskit-tutorial,tutorials/finance/08_fixed_income_pricing.ipynb,ModuleNotFoundError,ModuleNotFoundError,3.8.5,1478
Qiskit/qiskit-tutorial,tutorials/finance/09_credit_risk_analysis.ipynb,ModuleNotFoundError,ModuleNotFoundError,3.7.7,1478
Qiskit/qiskit-tutorial,tutorials/finance/10_qgan_option_pricing.ipynb,ModuleNotFoundError,ModuleNotFoundError,3.8.5,1478
Qiskit/qiskit-tutorial,tutorials/finance/11_time_series.ipynb,ModuleNotFoundError,ModuleNotFoundError,3.7.4,1478
Qiskit/qiskit-tutorial,tutorials/machine_learning/01_qsvm_classification.ipynb,ModuleNotFoundError,ModuleNotFoundError,3.6.1,1478
Qiskit/qiskit-tutorial,tutorials/machine_learning/02_qsvm_multiclass.ipynb,ModuleNotFoundError,ModuleNotFoundError,3.6.1,1478
Qiskit/qiskit-tutorial,tutorials/machine_learning/03_vqc.ipynb,ModuleNotFoundError,ModuleNotFoundError,3.6.1,1478
Qiskit/qiskit-tutorial,tutorials/machine_learning/04_qgans_for_loading_random_distributions.ipynb,ModuleNotFoundError,ModuleNotFoundError,3.6.1,1478
Qiskit/qiskit-tutorial,tutorials/noise/3_measurement_error_mitigation.ipynb,ModuleNotFoundError,ModuleNotFoundError,3.8.3,1478
Qiskit/qiskit-tutorial,tutorials/noise/4_randomized_benchmarking.ipynb,ModuleNotFoundError,ModuleNotFoundError,3.7.4,1478
Qiskit/qiskit-tutorial,tutorials/noise/5_quantum_volume.ipynb,ModuleNotFoundError,ModuleNotFoundError,3.7.7,1478
Qiskit/qiskit-tutorial,tutorials/noise/6_repetition_code.ipynb,ModuleNotFoundError,ModuleNotFoundError,3.7.7,1478
Qiskit/qiskit-tutorial,tutorials/noise/7_accreditation.ipynb,ModuleNotFoundError,ModuleNotFoundError,3.7.5,1478
Qiskit/qiskit-tutorial,tutorials/noise/8_tomography.ipynb,ModuleNotFoundError,ModuleNotFoundError,3.7.5,1478
Qiskit/qiskit-tutorial,tutorials/noise/9_entanglement_verification.ipynb,ModuleNotFoundError,ModuleNotFoundError,3.8.5,1478
Qiskit/qiskit-tutorial,tutorials/operators/01_operator_flow.ipynb,ModuleNotFoundError,ModuleNotFoundError,3.8.3,1478
Qiskit/qiskit-tutorial,tutorials/operators/02_gradients_framework.ipynb,ModuleNotFoundError,ModuleNotFoundError,3.7.4,1478
Qiskit/qiskit-tutorial,tutorials/optimization/1_quadratic_program.ipynb,ModuleNotFoundError,ModuleNotFoundError,3.6.10,1478
Qiskit/qiskit-tutorial,tutorials/optimization/2_converters_for_quadratic_programs.ipynb,ModuleNotFoundError,ModuleNotFoundError,3.8.5-final,1478
Qiskit/qiskit-tutorial,tutorials/optimization/3_minimum_eigen_optimizer.ipynb,ModuleNotFoundError,ModuleNotFoundError,3.7.4,1478
Qiskit/qiskit-tutorial,tutorials/optimization/4_grover_optimizer.ipynb,ModuleNotFoundError,ModuleNotFoundError,3.8.5-final,1478
Qiskit/qiskit-tutorial,tutorials/optimization/5_admm_optimizer.ipynb,ModuleNotFoundError,ModuleNotFoundError,3.7.4,1478
Qiskit/qiskit-tutorial,tutorials/optimization/6_examples_max_cut_and_tsp.ipynb,ModuleNotFoundError,ModuleNotFoundError,3.7.4,1478
Qiskit/qiskit-tutorial,tutorials/optimization/7_examples_vehicle_routing.ipynb,ModuleNotFoundError,ModuleNotFoundError,3.8.6,1478
Qiskit/qiskit-tutorial,tutorials/optimization/8_cvar_optimization.ipynb,ModuleNotFoundError,ModuleNotFoundError,3.7.4,1478
Qiskit/qiskit-tutorial,tutorials/simulators/1_aer_provider.ipynb,ModuleNotFoundError,ModuleNotFoundError,3.6.8,1478
Qiskit/qiskit-tutorial,tutorials/simulators/2_device_noise_simulation.ipynb,ModuleNotFoundError,ModuleNotFoundError,3.6.8,1478
Qiskit/qiskit-tutorial,tutorials/simulators/3_building_noise_models.ipynb,ModuleNotFoundError,ModuleNotFoundError,3.6.8,1478
Qiskit/qiskit-tutorial,tutorials/simulators/4_custom_gate_noise.ipynb,ModuleNotFoundError,ModuleNotFoundError,3.6.8,1478
Qiskit/qiskit-tutorial,tutorials/simulators/5_noise_transformation.ipynb,ModuleNotFoundError,ModuleNotFoundError,3.7.7,1478
Qiskit/qiskit-tutorial,tutorials/simulators/6_extended_stabilizer_tutorial.ipynb,ModuleNotFoundError,ModuleNotFoundError,3.6.8,1478
Qiskit/qiskit-tutorial,tutorials/simulators/7_matrix_product_state_method.ipynb,ModuleNotFoundError,ModuleNotFoundError,3.6.8,1478
Quantomatic/pyzx,demos/Optimizing almost-Clifford circuits.ipynb,ModuleNotFoundError,ModuleNotFoundError,3.7.4,1468
RGellerLab/CVB3_Capsid_DMS,script_interactive-heatmap/MFE_interactive.ipynb,ModuleNotFoundError,ModuleNotFoundError,3.7.3,91
RPGroup-PBoC/RegSeq,notebooks/1_2_checkmutations.ipynb,ModuleNotFoundError,ModuleNotFoundError,3.6.9,263
RPGroup-PBoC/RegSeq,notebooks/3_1_create_keys.ipynb,ModuleNotFoundError,ModuleNotFoundError,3.6.9,263
RPGroup-PBoC/RegSeq,notebooks/4_1_match_data.ipynb,ModuleNotFoundError,ModuleNotFoundError,3.6.9,263
RPGroup-PBoC/RegSeq,notebooks/4_2_inference.ipynb,ModuleNotFoundError,ModuleNotFoundError,3.6.9,263
RPGroup-PBoC/RegSeq,notebooks/4_4_plot_sequence_logo.ipynb,ModuleNotFoundError,ModuleNotFoundError,3.6.9,263
RPGroup-PBoC/RegSeq,notebooks/4_5_plot_energy_matrix.ipynb,ModuleNotFoundError,ModuleNotFoundError,3.6.9,263
RPGroup-PBoC/RegSeq,notebooks/5_1_mass_spec_pval.ipynb,ModuleNotFoundError,ModuleNotFoundError,3.6.9,263
RPGroup-PBoC/RegSeq,notebooks/5_2_plot_mass_spec.ipynb,ModuleNotFoundError,ModuleNotFoundError,3.6.9,263
RPGroup-PBoC/RegSeq,notebooks/deprecated_notebooks/SortSeq_Information_Footprints_new.ipynb,ModuleNotFoundError,ModuleNotFoundError,3.6.9,263
RPGroup-PBoC/RegSeq,notebooks/deprecated_notebooks/auto_peak_call.ipynb,ModuleNotFoundError,ModuleNotFoundError,3.6.9,263
RPGroup-PBoC/RegSeq,notebooks/deprecated_notebooks/checkmutations.ipynb,ModuleNotFoundError,ModuleNotFoundError,3.6.9,263
RPGroup-PBoC/RegSeq,notebooks/deprecated_notebooks/mass_spec_pval.ipynb,ModuleNotFoundError,ModuleNotFoundError,3.6.9,263
RPGroup-PBoC/RegSeq,notebooks/deprecated_notebooks/plot_arrays.ipynb,ModuleNotFoundError,ModuleNotFoundError,3.6.9,263
RPGroup-PBoC/RegSeq,notebooks/deprecated_notebooks/plot_mass_spec.ipynb,ModuleNotFoundError,ModuleNotFoundError,3.6.9,263
Raj-Lab-UCSF/spectrome,spectrome/notebooks/SGM_frequency_responses.ipynb,ModuleNotFoundError,ModuleNotFoundError,3.6.7,358
Raj-Lab-UCSF/spectrome,spectrome/notebooks/reproduce_MEG_spectra.ipynb,ModuleNotFoundError,ModuleNotFoundError,3.6.7,358
Raj-Lab-UCSF/spectrome,spectrome/notebooks/run_model_example.ipynb,ModuleNotFoundError,ModuleNotFoundError,3.6.8,358
SBRG/MASSpy-publication,case-study/model_analysis_notebooks/analysis_on_gibbs_free_energy_and_enzyme_abundances_for_growth_conditions.ipynb,ModuleNotFoundError,ModuleNotFoundError,3.7.9,75
SBRG/MASSpy-publication,case-study/model_analysis_notebooks/analysis_on_gibbs_free_energy_and_enzyme_abundances_for_isozyme_flux_split_sensitivity.ipynb,ModuleNotFoundError,ModuleNotFoundError,3.7.9,75
SBRG/MASSpy-publication,case-study/model_construction_notebooks/model_construction_glucose_media_01-99_isozyme_split.ipynb,ModuleNotFoundError,ModuleNotFoundError,3.7.9,75
SBRG/MASSpy-publication,case-study/model_construction_notebooks/model_construction_glucose_media_25-75_isozyme_split.ipynb,ModuleNotFoundError,ModuleNotFoundError,3.7.9,75
SBRG/MASSpy-publication,case-study/model_construction_notebooks/model_construction_glucose_media_50-50_isozyme_split.ipynb,ModuleNotFoundError,ModuleNotFoundError,3.7.9,75
SBRG/MASSpy-publication,case-study/model_construction_notebooks/model_construction_glucose_media_75-25_isozyme_split.ipynb,ModuleNotFoundError,ModuleNotFoundError,3.7.9,75
SBRG/MASSpy-publication,case-study/model_construction_notebooks/model_construction_glucose_media_99-01_isozyme_split.ipynb,ModuleNotFoundError,ModuleNotFoundError,3.7.9,75
SBRG/MASSpy-publication,case-study/model_construction_notebooks/model_construction_pyruvate_media_01-99_isozyme_split.ipynb,ModuleNotFoundError,ModuleNotFoundError,3.7.9,75
SBRG/MASSpy-publication,case-study/model_construction_notebooks/model_construction_pyruvate_media_25-75_isozyme_split.ipynb,ModuleNotFoundError,ModuleNotFoundError,3.7.9,75
SBRG/MASSpy-publication,case-study/model_construction_notebooks/model_construction_pyruvate_media_50-50_isozyme_split.ipynb,ModuleNotFoundError,ModuleNotFoundError,3.7.9,75
SBRG/MASSpy-publication,case-study/model_construction_notebooks/model_construction_pyruvate_media_75-25_isozyme_split.ipynb,ModuleNotFoundError,ModuleNotFoundError,3.7.9,75
SBRG/MASSpy-publication,case-study/model_construction_notebooks/model_construction_pyruvate_media_99-01_isozyme_split.ipynb,ModuleNotFoundError,ModuleNotFoundError,3.7.9,75
SBRG/MASSpy-publication,ensemble-modeling/ensemble_analysis.ipynb,ModuleNotFoundError,ModuleNotFoundError,3.7.9,75
SBRG/MASSpy-publication,ensemble-modeling/ensemble_generation.ipynb,ModuleNotFoundError,ModuleNotFoundError,3.7.9,75
SBRG/MASSpy-publication,validation/fig2_panels.ipynb,ModuleNotFoundError,ModuleNotFoundError,3.7.9,75
SBRG/MASSpy-publication,validation/glycolysis.ipynb,ModuleNotFoundError,ModuleNotFoundError,3.7.9,75
SBRG/MASSpy-publication,validation/hemoglobin.ipynb,ModuleNotFoundError,ModuleNotFoundError,3.7.9,75
SBRG/MASSpy-publication,validation/hex1.ipynb,ModuleNotFoundError,ModuleNotFoundError,3.7.9,75
SBRG/MASSpy-publication,validation/non-personalized_model_construction.ipynb,ModuleNotFoundError,ModuleNotFoundError,3.7.9,75
SBRG/MASSpy-publication,validation/non-personalized_model_validation.ipynb,ModuleNotFoundError,ModuleNotFoundError,3.7.9,75
SBRG/MASSpy-publication,validation/pfk.ipynb,ModuleNotFoundError,ModuleNotFoundError,3.7.9,75
SBRG/MASSpy-publication,validation/pyk.ipynb,ModuleNotFoundError,ModuleNotFoundError,3.7.9,75
SBRG/Recon3D,Recon3D_GP - Loading and Exploring the GEM-PRO.ipynb,ModuleNotFoundError,ModuleNotFoundError,3.6.3,1777
SBRG/ssbio,docs/notebooks/Complex - Testing (undergrads).ipynb,ImportError,ImportError,3.6.3,1778
SBRG/ssbio,docs/notebooks/GEM-PRO - Calculating Protein Properties.ipynb,ImportError,ImportError,3.6.3,1778
SBRG/ssbio,docs/notebooks/GEM-PRO - Genes & Sequences.ipynb,ImportError,ImportError,3.7.3,1778
SBRG/ssbio,docs/notebooks/GEM-PRO - List of Gene IDs.ipynb,ImportError,ImportError,3.7.1,1778
SBRG/ssbio,docs/notebooks/GEM-PRO - SBML Model.ipynb,ImportError,ImportError,3.6.3,1778
SBRG/ssbio,"docs/notebooks/Protein - Structure Mapping, Alignments, and Visualization.ipynb",ImportError,ImportError,3.7.3,1778
SEpapoulis/MTannotation,Viral_MTase_6-27-2018.ipynb,ModuleNotFoundError,ModuleNotFoundError,3.7.4,751
SheffieldML/GPyOpt,manual/GPyOpt_scikitlearn.ipynb,ModuleNotFoundError,ModuleNotFoundError,3.6.1,459
SinclairLab/frailty,Frailty Analysis Example.ipynb,ImportError,ImportError,3.6.1,279
Stemanz/liputils,docs/full analysis example/Full analysis example.ipynb,ModuleNotFoundError,ModuleNotFoundError,3.7.0,338
Team-Schwessinger/DK_0911-1,scripts/20200129_genome_size_revision_v01.ipynb,ImportError,ImportError,3.5.4,432
Team-Schwessinger/DK_0911-1,scripts/20200129_het_cov_revision_v01.ipynb,ImportError,ImportError,3.5.4,432
Team-Schwessinger/DK_0911-1,scripts/DK0911_SRM_cov_Pst_104E_on_DK0911.ipynb,ImportError,ImportError,3.5.3,432
Team-Schwessinger/DK_0911-1,scripts/DK0911_TE_filtering_and_summary_h_contigs_fix.ipynb,ImportError,ImportError,3.5.4,432
Team-Schwessinger/DK_0911-1,scripts/DK0911_TE_filtering_and_summary_p_contigs_fix.ipynb,ImportError,ImportError,3.5.4,432
Team-Schwessinger/DK_0911-1,scripts/DK0911_TE_variation_analysis.ipynb,ImportError,ImportError,3.5.4,432
Team-Schwessinger/DK_0911-1,scripts/DK0911_vs_Pst104E_gene_pair_analysis.ipynb,ModuleNotFoundError,ModuleNotFoundError,3.6.6,432
Team-Schwessinger/DK_0911-1,scripts/DK0911_vs_Pst104E_synteny.ipynb,ImportError,ImportError,3.5.4,432
Team-Schwessinger/DK_0911-1,scripts/DK0911v04_Pst104E_presence_absence_orthology.ipynb,ImportError,ImportError,3.5.4,432
Team-Schwessinger/DK_0911-1,scripts/DK_0911_Pst104E_assemblytics_plot.ipynb,ImportError,ImportError,3.5.4,432
Team-Schwessinger/DK_0911-1,scripts/DK_0911_defining_alleles_v02.ipynb,ImportError,ImportError,3.5.4,432
Team-Schwessinger/DK_0911-1,scripts/DK_0911_fasta_file_reassignment.ipynb,ImportError,ImportError,3.5.4,432
Team-Schwessinger/DK_0911-1,scripts/DK_0911_nucmer_assemblytics_mapping.ipynb,ImportError,ImportError,3.5.2,432
Team-Schwessinger/DK_0911-1,scripts/DK_0911_post_allele_analysis_v02.ipynb,ImportError,ImportError,3.5.3,432
Team-Schwessinger/DK_0911-1,scripts/Mummer_DK0911_Pst_104E.ipynb,ImportError,ImportError,3.5.4,432
Team-Schwessinger/DK_0911-1,scripts/Pst_104E_SRM_cov_Pst_104E_on_Pst_104E.ipynb,ImportError,ImportError,3.5.3,432
Team-Schwessinger/DK_0911-1,scripts/Pst_104E_defining_alleles_v02_RT.ipynb,ImportError,ImportError,3.5.3,432
Team-Schwessinger/DK_0911-1,scripts/Pst_104E_v13_TE_filtering_and_summary_h_contigs_fix.ipynb,ImportError,ImportError,3.5.4,432
Team-Schwessinger/DK_0911-1,scripts/Pst_104E_v14_TE_filtering_and_summary_p_contigs_fix.ipynb,ImportError,ImportError,3.5.4,432
Team-Schwessinger/DK_0911-1,scripts/protein_annotation/DK0911_v04_EggNog_parser_h_ctg.ipynb,ImportError,ImportError,3.5.3,432
Team-Schwessinger/DK_0911-1,scripts/protein_annotation/DK0911_v04_EggNog_parser_p_ctg.ipynb,ImportError,ImportError,3.5.3,432
Team-Schwessinger/DK_0911-1,scripts/protein_annotation/DK0911_v04_Interproscan_parser_h_ctg.ipynb,ImportError,ImportError,3.5.3,432
Team-Schwessinger/DK_0911-1,scripts/protein_annotation/DK0911_v04_Interproscan_parser_p_ctg.ipynb,ImportError,ImportError,3.5.3,432
Team-Schwessinger/DK_0911-1,scripts/protein_annotation/DK0911_v04_runMEROPS_CAN_BUSCO_SWISS_h_ctg.ipynb,ImportError,ImportError,3.5.3,432
TrinhLab/ModCell2,problems/ecoli-gem/analysis/result_analysis.ipynb,ModuleNotFoundError,ModuleNotFoundError,3.6.3,651
TrinhLab/ModCell2,problems/ecoli-gem/mip/flux_analysis/Untitled.ipynb,ModuleNotFoundError,ModuleNotFoundError,3.6.3,651
TrinhLab/ModCell2,problems/ecoli-gem/mip/measurement_comparison/distrb_analysis.ipynb,ModuleNotFoundError,ModuleNotFoundError,3.7.3,651
TrinhLab/ModCell2,problems/ecoli-gem/mip/measurement_comparison/range_analysis.ipynb,ModuleNotFoundError,ModuleNotFoundError,3.7.3,651
TrinhLab/ModCell2,problems/ecoli-gem/mip/sampling/plots.ipynb,ModuleNotFoundError,ModuleNotFoundError,3.7.4,651
TrofimovAssya/FactorizedEmbeddings,toy_model_demo.ipynb,ModuleNotFoundError,ModuleNotFoundError,3.7.6,703
adauvin/Back-prediction,Cohort selection/CohortSelection-NonBL.ipynb,ModuleNotFoundError,ModuleNotFoundError,3.6.8,943
adauvin/Back-prediction,Creatinine_preprocessing/Cr_code/4_1_MissingDataImputatio_KNN.ipynb,ImportError,ImportError,3.5.6,943
adauvin/Back-prediction,Creatinine_preprocessing/Cr_code/4_1_MissingDataImputation.ipynb,ImportError,ImportError,3.5.6,943
adauvin/Back-prediction,Final_Code/6-1_AUC_analysis/6-1-AUC_Analysis_of_bootstrapping_generic.ipynb,ImportError,ImportError,3.5.6,943
adauvin/Back-prediction,Hemoglobin_preprocessing/Hb_code/4_1_MissingDataImputatio_KNN.ipynb,ImportError,ImportError,3.5.6,943
adauvin/Back-prediction,Hemoglobin_preprocessing/Hb_code/4_1_MissingDataImputation.ipynb,ImportError,ImportError,3.5.6,943
aiqm/aimnet,examples/geometry_optimization.ipynb,ModuleNotFoundError,ModuleNotFoundError,3.6.8,1134
alejoe91/MEArec,notebooks/generate_recordings_with_allen_models.ipynb,ModuleNotFoundError,ModuleNotFoundError,3.6.7,67
anki-xyz/bagls,Test U-Net on videos.ipynb,ModuleNotFoundError,ModuleNotFoundError,3.6.8,408
ankitrohatgi/WebPlotDigitizer,research/extract_heatmaps.ipynb,ModuleNotFoundError,ModuleNotFoundError,3.6.3,179
arvidl/inattention-populationsample,wordcloud-manuscript/brain_wordcload.ipynb,ImportError,ImportError,3.5.4,1851
atarashansky/self-assembling-manifold,tutorial/SAM_Batch/schisto_batch_correction.ipynb,ModuleNotFoundError,ModuleNotFoundError,3.6.10,1062
atarashansky/self-assembling-manifold,tutorial/quickstart_guide.ipynb,ModuleNotFoundError,ModuleNotFoundError,3.6.10,1062
auduno/deepdraw,deepdraw.ipynb,ImportError,ImportError,2.7.6,1401
auduno/deepdraw,filter_visualizations/visualize-GoogLeNet-filters.ipynb,ImportError,ImportError,2.7.6,1401
auduno/deepdraw,filter_visualizations/visualize-VGGS-filters.ipynb,ImportError,ImportError,2.7.6,1401
auduno/deepdraw,other/deepdraw_clipping_mask.ipynb,ImportError,ImportError,2.7.6,1401
auduno/deepdraw,other/deepdraw_mixing_classes.ipynb,ImportError,ImportError,2.7.6,1401
auduno/deepdraw,other/deepdraw_path.ipynb,ImportError,ImportError,2.7.6,1401
awbrooks19/microbiota_and_ethnicity,Fig_2/Fig_2_Alpha/Figure_2_Alpha_AGP/22_4_alpha_kruskal_wallis/22_2_alpha_kruskall_wallis.ipynb,ImportError,ImportError,2.7.10,1511
awbrooks19/microbiota_and_ethnicity,Fig_4/Previous/notebook_ag2.ipynb,ImportError,ImportError,3.5.2,1511
awbrooks19/microbiota_and_ethnicity,Fig_4/brooks_nb_taxa_boxplots.ipynb,ImportError,ImportError,3.5.2,1511
awbrooks19/microbiota_and_ethnicity,Fig_5/Brooks_Notebook_Christensenellaceae.ipynb,ImportError,ImportError,3.5.2,1511
awbrooks19/microbiota_and_ethnicity,Fig_5/Fig_4_Christensenellaceae/biom_analysis.ipynb,ImportError,ImportError,2.7.12,1511
awbrooks19/microbiota_and_ethnicity,Supplementary_Fig_3/Brooks_Notebook.ipynb,ImportError,ImportError,3.5.2,1511
awbrooks19/microbiota_and_ethnicity,Supplementary_Fig_3/biom_analysis.ipynb,ImportError,ImportError,2.7.12,1511
awbrooks19/microbiota_and_ethnicity,Supplementary_Table_2/Supplementary_Table_2D_BioEnv/Brooks_Notebook_BioEnv.ipynb,ImportError,ImportError,3.5.2,1511
awbrooks19/microbiota_and_ethnicity,Supplementary_Table_3/Figure_2_Alpha_AGP/22_4_alpha_kruskal_wallis/22_2_alpha_kruskall_wallis.ipynb,ImportError,ImportError,2.7.10,1511
awbrooks19/microbiota_and_ethnicity,Supplementary_Table_3/Figure_2_Alpha_AGP/Brooks_Notebook_ANOSIM.ipynb,ImportError,ImportError,3.5.2,1511
awbrooks19/microbiota_and_ethnicity,Supplementary_Table_4/Brooks_Notebook_BetaIntraInter.ipynb,ImportError,ImportError,3.5.2,1511
awbrooks19/microbiota_and_ethnicity,Supplementary_Table_5/Kruskal_Wallis_Permutation_Analysis/brooks_nb_randomize_ethnicity.ipynb,ImportError,ImportError,3.5.2,1511
awbrooks19/microbiota_and_ethnicity,Supplementary_Table_5/Kruskal_Wallis_Permutation_Analysis/raw_data/hmp/brooks_nb_template.ipynb,ImportError,ImportError,3.5.2,1511
awbrooks19/microbiota_and_ethnicity,Supplementary_Table_6/Brooks_Taxa_Regression.ipynb,ImportError,ImportError,3.5.2,1511
awbrooks19/microbiota_and_ethnicity,Supplementary_Table_6/Brooks_Taxa_Regression_Presence_Absence.ipynb,ImportError,ImportError,3.5.2,1511
awbrooks19/microbiota_and_ethnicity,Supplementary_Table_7/1_1_Superpopulation_Fst.ipynb,ImportError,ImportError,3.5.2,1511
banilo/inf_vs_pred_2020,infpred_appl_classif.ipynb,ModuleNotFoundError,ModuleNotFoundError,3.6.4,406
banilo/inf_vs_pred_2020,infpred_appl_regr.ipynb,ModuleNotFoundError,ModuleNotFoundError,3.6.4,406
basantab/NTF2Gen,BeNTF2seq/fit_PSSM_model/analyse_models_TF.ipynb,ModuleNotFoundError,ModuleNotFoundError,3.6.6,281
basantab/NTF2Gen,BeNTF2seq/molten_globule_model/MGM_pub.ipynb,ModuleNotFoundError,ModuleNotFoundError,3.7.5,281
bcgsc/tasrkleat-TCGA-analysis-scripts,analysis-notebooks/CS-postprocessing/cleanup-all-cba.KLEAT.ipynb,ImportError,ImportError,3.5.3,1612
bcgsc/tasrkleat-TCGA-analysis-scripts,analysis-notebooks/CS-postprocessing/hexamer-research.ipynb,ImportError,ImportError,3.5.3,1612
bcgsc/tasrkleat-TCGA-analysis-scripts,analysis-notebooks/core/map-clv2sc-based-on-annotation-for-114-genes.ipynb,ImportError,ImportError,3.5.3,1612
bcgsc/tasrkleat-TCGA-analysis-scripts,analysis-notebooks/core/relatedness-of-candidate-gene-to-cancer-according-to-cosmic-FMOU-mutations.ipynb,ImportError,ImportError,3.5.3,1612
bcgsc/tasrkleat-TCGA-analysis-scripts,analysis-notebooks/core/relatedness-of-candidate-gene-to-cancer-according-to-num-cosmic-mutations.ipynb,ImportError,ImportError,3.5.3,1612
bcgsc/tasrkleat-TCGA-analysis-scripts,analysis-notebooks/misc/GTF-analysis-general-properties.ipynb,ImportError,ImportError,3.5.3,1612
bcgsc/tasrkleat-TCGA-analysis-scripts,analysis-notebooks/misc/GTF-analysis-map-clv2sc-based-on-annotation-for-all-genes.ipynb,ImportError,ImportError,3.5.3,1612
bcgsc/tasrkleat-TCGA-analysis-scripts,analysis-notebooks/misc/GTF-analysis-of-overlapped-genes.ipynb,ImportError,ImportError,3.5.3,1612
bcgsc/tasrkleat-TCGA-analysis-scripts,analysis-notebooks/misc/GTF-analysis-of-relationship-between-CS-and-stop-codons.ipynb,ImportError,ImportError,3.5.3,1612
bcgsc/tasrkleat-TCGA-analysis-scripts,analysis-notebooks/misc/GTF-analysis-of-target-genes.ipynb,ImportError,ImportError,3.5.3,1612
bcgsc/tasrkleat-TCGA-analysis-scripts,analysis-notebooks/misc/plot-normal-tumour-samples-similar-sequencing-depth.ipynb,ImportError,ImportError,3.5.3,1612
bcgsc/tasrkleat-TCGA-analysis-scripts,analysis-notebooks/misc/simple-analysis-of-multi-transcript-problem.ipynb,ImportError,ImportError,3.5.3,1612
bcgsc/tasrkleat-TCGA-analysis-scripts,analysis-notebooks/misc/single-linkage-clustering-cutoff-analysis.ipynb,ImportError,ImportError,3.5.3,1612
bcgsc/tasrkleat-TCGA-analysis-scripts,utrtargets/targets-for-tasrkleat/summary.ipynb,ImportError,ImportError,2.7.12,1612
berenslab/spikefinder_analysis,algorithms/team 2/Chenkov-McColgan model.ipynb,ImportError,ImportError,2.7.12,1683
berenslab/spikefinder_analysis,algorithms/team 3/DataPrep.ipynb,ImportError,ImportError,3.5.2,1683
berenslab/spikefinder_analysis,algorithms/team 3/Example_run.ipynb,ImportError,ImportError,3.5.2,1683
berenslab/spikefinder_analysis,algorithms/team 3/SpikefinderSubmission.ipynb,ImportError,ImportError,3.5.2,1683
berenslab/spikefinder_analysis,algorithms/team 6/Team 6 - Friedrich and Paninski.ipynb,ImportError,ImportError,2.7.13,1683
betanalpha/jupyter_case_studies,principled_bayesian_workflow/principled_bayesian_workflow.ipynb,ImportError,ImportError,2.7.12,1502
betanalpha/jupyter_case_studies,pystan_workflow/pystan_workflow.ipynb,ImportError,ImportError,2.7.12,1502
bhargavchippada/forceatlas2,examples/forceatlas2-layout.ipynb,ModuleNotFoundError,ModuleNotFoundError,3.6.8,317
biocore/dsfdr,demo/dsFDR_tutorial_new.ipynb,ModuleNotFoundError,ModuleNotFoundError,3.6.7,1853
bioinfohk/GC_TE,GC_softmasked_genomesFISH.ipynb,ModuleNotFoundError,ModuleNotFoundError,3.7.3,915
blab/h5n1-cambodia,figures/figure-2c-Tajimas-D.ipynb,ModuleNotFoundError,ModuleNotFoundError,3.7.3,885
blab/h5n1-cambodia,figures/figure-3-nucleotide-diversity.ipynb,ModuleNotFoundError,ModuleNotFoundError,3.7.3,885
blab/h5n1-cambodia,figures/figure-4-SNP-functional-annotation.ipynb,ModuleNotFoundError,ModuleNotFoundError,3.7.3,885
blab/h5n1-cambodia,figures/figure-5b-shared-sites-permutation-test.ipynb,ModuleNotFoundError,ModuleNotFoundError,3.7.3,885
blab/h5n1-cambodia,figures/figure-6-quantifying-host-transitions.ipynb,ModuleNotFoundError,ModuleNotFoundError,3.7.3,885
blab/h5n1-cambodia,figures/supplementary-figure-1-coverage-plots.ipynb,ModuleNotFoundError,ModuleNotFoundError,3.7.3,885
blab/seasonal-cov-adaptive-evolution,antigenic_evolution/tmrca.ipynb,ModuleNotFoundError,ModuleNotFoundError,3.6.10,93
blab/seasonal-cov-adaptive-evolution,data-wrangling/make_gene_referencefiles.ipynb,ImportError,ImportError,3.6.10,93
blab/seasonal-cov-adaptive-evolution,data-wrangling/make_rdrp_references.ipynb,ImportError,ImportError,3.6.10,93
blab/seasonal-cov-adaptive-evolution,data-wrangling/postdownload_formatting_for_rerun.ipynb,ModuleNotFoundError,ModuleNotFoundError,3.6.10,93
blab/seasonal-cov-adaptive-evolution,oc43/separate_lineages/separate_lineage_fastas.ipynb,ImportError,ImportError,3.6.10,93
blondegeek/ferroelectric_search_site,example_notebooks/nonpolar-polar_structure_pairs_for_SIMPLE_group_subgroup_relations_not_isotropy.ipynb,ModuleNotFoundError,ModuleNotFoundError,3.6.6,815
blondegeek/ferroelectric_search_site,ipynb_create_web/create_table_data_csv.ipynb,ModuleNotFoundError,ModuleNotFoundError,3.6.8,815
breno-madruga/dib-covid-dataset,notebooks/collect/Collect_PubMed.ipynb,ModuleNotFoundError,ModuleNotFoundError,3.6.10-final,323
breno-madruga/dib-covid-dataset,notebooks/collect/Collect_arXiv.ipynb,ModuleNotFoundError,ModuleNotFoundError,3.6.10-final,323
breno-madruga/dib-covid-dataset,notebooks/preprocess/Preprocess_PubMed.ipynb,ModuleNotFoundError,ModuleNotFoundError,3.8.5-final,323
breno-madruga/dib-covid-dataset,notebooks/preprocess/Preprocess_Scopus.ipynb,ModuleNotFoundError,ModuleNotFoundError,3.8.5-final,323
breno-madruga/dib-covid-dataset,notebooks/preprocess/Preprocess_arXiv.ipynb,ModuleNotFoundError,ModuleNotFoundError,3.8.5-final,323
breno-madruga/dib-covid-dataset,notebooks/preprocess/Preprocess_bioRxiv.ipynb,ModuleNotFoundError,ModuleNotFoundError,3.8.5-final,323
brian-team/brian2_paper_examples,example_appendix_multicompartment_model.ipynb,ModuleNotFoundError,ModuleNotFoundError,3.6.7,1123
brianyiktaktsui/Skymap,NLP_spacy/Untitled.ipynb,ModuleNotFoundError,ModuleNotFoundError,3.6.4,1457
brianyiktaktsui/Skymap,NLP_spacy/Untitled1.ipynb,ModuleNotFoundError,ModuleNotFoundError,3.6.4,1457
brianyiktaktsui/Skymap,Pipelines/RNAseq/merge/mergeAll.ipynb,ModuleNotFoundError,ModuleNotFoundError,3.6.6,1457
brianyiktaktsui/Skymap,Pipelines/RNAseq/merge/upload.ipynb,ModuleNotFoundError,ModuleNotFoundError,3.6.5,1457
brianyiktaktsui/Skymap,Pipelines/RNAseq/merge/upload_synapse.ipynb,ModuleNotFoundError,ModuleNotFoundError,3.6.5,1457
brianyiktaktsui/Skymap,Pipelines/Update_SRA_meta_data/upload_AWS.ipynb,ModuleNotFoundError,ModuleNotFoundError,3.6.5,1457
brianyiktaktsui/Skymap,Pipelines/snp/Merge/upload_AWS.ipynb,ModuleNotFoundError,ModuleNotFoundError,3.6.5,1457
brianyiktaktsui/Skymap,Pipelines/snp/SmallVarianIndex/sliceVariants.ipynb,ModuleNotFoundError,ModuleNotFoundError,3.6.6,1457
brianyiktaktsui/Skymap,Skymap_legacy-master/jupyter-notebooks/clean_notebooks/TemporalQuery_V4_all_clean.ipynb,ImportError,ImportError,2.7.14,1457
brianyiktaktsui/Skymap,XGS_WGS/CheckFASTA.ipynb,ImportError,ImportError,2.7.14,1457
brianyiktaktsui/Skymap,XGS_WGS/pyLiftOver.ipynb,ModuleNotFoundError,ModuleNotFoundError,3.6.5,1457
brianyiktaktsui/Skymap,jupyter-notebooks/clean_notebooks/TemporalQuery_V4_all_clean.ipynb,ImportError,ImportError,2.7.14,1457
briney/grp_paper,data_processing/01_deduplication.ipynb,ModuleNotFoundError,ModuleNotFoundError,3.6.4,289
briney/grp_paper,data_processing/02_clonotype-and-sequence-counting.ipynb,ModuleNotFoundError,ModuleNotFoundError,3.6.4,289
briney/grp_paper,data_processing/03_downsampling.ipynb,ModuleNotFoundError,ModuleNotFoundError,3.6.4,289
briney/grp_paper,data_processing/07_probabilistic-recombination-model.ipynb,ModuleNotFoundError,ModuleNotFoundError,3.6.4,289
briney/grp_paper,make_figures/02_morisita-horn_similarity.ipynb,ModuleNotFoundError,ModuleNotFoundError,3.6.4,289
briney/grp_paper,make_figures/03_repertoire-classification.ipynb,ModuleNotFoundError,ModuleNotFoundError,3.6.4,289
briney/grp_paper,make_figures/05_rarefaction.ipynb,ModuleNotFoundError,ModuleNotFoundError,3.6.4,289
briney/grp_paper,make_figures/08_shared-clonotype-frequency.ipynb,ModuleNotFoundError,ModuleNotFoundError,3.6.4,289
briney/grp_paper,make_figures/09_shared-clonotype-properties.ipynb,ModuleNotFoundError,ModuleNotFoundError,3.6.4,289
briney/grp_paper,make_figures/10_model-interpretation.ipynb,ModuleNotFoundError,ModuleNotFoundError,3.6.7,289
brouhardlab/Kappa,Analysis/Notebooks/Fit Examples/Fit Examples.ipynb,ModuleNotFoundError,ModuleNotFoundError,3.7.3,1537
brouhardlab/Kappa,Analysis/Notebooks/Sine Curve Dataset/2_Measure_Curvature.ipynb,ModuleNotFoundError,ModuleNotFoundError,3.6.7,1537
brouhardlab/Kappa,Analysis/Notebooks/Spiral Dataset/2_Measure_Curvature.ipynb,ModuleNotFoundError,ModuleNotFoundError,3.6.7,1537
brouhardlab/Kappa,Analysis/Notebooks/Spiral Dataset/Explore Spiral Curvature Variability.ipynb,ModuleNotFoundError,ModuleNotFoundError,3.6.7,1537
brunocuevas/exploring_prup3_landscapes,notebooks/prob_covar.ipynb,ModuleNotFoundError,ModuleNotFoundError,3.6.3,1365
c-leber/ORCA,ORCA.ipynb,ModuleNotFoundError,ModuleNotFoundError,3.7.5,587
caimiao0714/optimization_stats_case_study,02Statistical_modeling.ipynb,ModuleNotFoundError,ModuleNotFoundError,3.6.7,834
caporaso-lab/autism-fmt1,16S/alpha-diversity-comparisons.ipynb,ImportError,ImportError,3.5.0,1339
caporaso-lab/autism-fmt1,16S/alpha-diversity-table.ipynb,ImportError,ImportError,3.5.1,1339
caporaso-lab/autism-fmt1,16S/engraftment.ipynb,ImportError,ImportError,3.5.1,1339
caporaso-lab/autism-fmt1,16S/taxonomy-engraftment.ipynb,ImportError,ImportError,3.5.1,1339
caporaso-lab/autism-fmt1,16S/taxonomy.ipynb,ImportError,ImportError,3.5.1,1339
caporaso-lab/tax-credit-data,ipynb/cross-validated/evaluate-classification-naive-bayes.ipynb,ImportError,ImportError,3.5.3,1686
caporaso-lab/tax-credit-data,ipynb/mock-community/evaluate-classification-accuracy-naive-bayes-only.ipynb,ImportError,ImportError,3.5.3,1686
caporaso-lab/tax-credit-data,ipynb/mock-community/evaluate-classification-accuracy-nb-extra.ipynb,ImportError,ImportError,3.5.3,1686
caporaso-lab/tax-credit-data,ipynb/mock-community/evaluate-classification-accuracy.ipynb,ImportError,ImportError,3.5.5,1686
caporaso-lab/tax-credit-data,ipynb/mock-community/find-expected-gapless.ipynb,ImportError,ImportError,3.5.2,1686
caporaso-lab/tax-credit-data,ipynb/mock-community/format-reference-databases.ipynb,ImportError,ImportError,3.5.4,1686
caporaso-lab/tax-credit-data,ipynb/mock-community/taxonomy-assignment-blast+.ipynb,ImportError,ImportError,3.5.2,1686
caporaso-lab/tax-credit-data,ipynb/mock-community/taxonomy-assignment-naive-bayes-commands.ipynb,ImportError,ImportError,3.5.3,1686
caporaso-lab/tax-credit-data,ipynb/mock-community/taxonomy-assignment-nb-extra-commands.ipynb,ImportError,ImportError,3.5.3,1686
caporaso-lab/tax-credit-data,ipynb/mock-community/taxonomy-assignment-qiime1.ipynb,ImportError,ImportError,3.5.3,1686
caporaso-lab/tax-credit-data,ipynb/mock-community/taxonomy-assignment-sepp.ipynb,ImportError,ImportError,3.5.5,1686
caporaso-lab/tax-credit-data,ipynb/mock-community/taxonomy-assignment-template.ipynb,ImportError,ImportError,3.5.3,1686
caporaso-lab/tax-credit-data,ipynb/mock-community/taxonomy-assignment-vsearch.ipynb,ImportError,ImportError,3.5.2,1686
caporaso-lab/tax-credit-data,ipynb/novel-taxa/dataset-generation.ipynb,ImportError,ImportError,3.5.3,1686
caporaso-lab/tax-credit-data,ipynb/novel-taxa/evaluate-classification-naive-bayes.ipynb,ImportError,ImportError,3.5.3,1686
caporaso-lab/tax-credit-data,ipynb/novel-taxa/evaluate-classification.ipynb,ImportError,ImportError,3.5.5,1686
caporaso-lab/tax-credit-data,ipynb/runtime/analysis.ipynb,ImportError,ImportError,3.5.3,1686
caporaso-lab/tax-credit-data,ipynb/runtime/compute-runtimes.ipynb,ImportError,ImportError,3.5.3,1686
caporaso-lab/tax-credit-data,ipynb/simulated-community/dataset-generation.ipynb,ImportError,ImportError,3.5.2,1686
caporaso-lab/tax-credit-data,ipynb/simulated-community/evaluate-classification-accuracy.ipynb,ImportError,ImportError,3.5.3,1686
caporaso-lab/tax-credit-data,ipynb/simulated-community/taxonomy-assignment.ipynb,ImportError,ImportError,3.5.3,1686
chembl/mychembl,ipython_notebooks/01_myChEMBL_introduction.ipynb,ImportError,ImportError,2.7.11,2004
chembl/mychembl,ipython_notebooks/02_myChEMBL_RDKit_tutorial.ipynb,ImportError,ImportError,2.7.11,2004
chembl/mychembl,ipython_notebooks/03_myChEMBL_predict_targets.ipynb,ImportError,ImportError,2.7.11,2004
chembl/mychembl,ipython_notebooks/05_myChEMBL_mds_tutorial.ipynb,ImportError,ImportError,2.7.11,2004
chembl/mychembl,ipython_notebooks/06_myChEMBL_differences_with_ChEMBL.ipynb,ImportError,ImportError,2.7.11,2004
chembl/mychembl,ipython_notebooks/07_myChEMBL_Beaker.ipynb,ImportError,ImportError,2.7.11,2004
chembl/mychembl,ipython_notebooks/08_myChEMBL_Django_ORM.ipynb,ImportError,ImportError,2.7.11,2004
chembl/mychembl,ipython_notebooks/09_myChEMBL_web_services.ipynb,ImportError,ImportError,2.7.11,2004
chembl/mychembl,ipython_notebooks/10_myChEMBL_machine_learning.ipynb,ImportError,ImportError,2.7.11,2004
chembl/mychembl,ipython_notebooks/11_myChEMBL_SureChEMBL_tutorial_1.ipynb,ImportError,ImportError,2.7.11,2004
chembl/mychembl,ipython_notebooks/12_myChEMBL_SureChEMBL_tutorial_2.ipynb,ImportError,ImportError,2.7.11,2004
chembl/mychembl,ipython_notebooks/14_myChEMBL_BLAST_and_druggability.ipynb,ImportError,ImportError,2.7.11,2004
chembl/mychembl,ipython_notebooks/15_Unichem.ipynb,ImportError,ImportError,2.7.11,2004
chembl/mychembl,ipython_notebooks/TG_GATES_WS.ipynb,ImportError,ImportError,3.5.2,2004
chembl/mychembl,ipython_notebooks/aspirin_neighbours.ipynb,ImportError,ImportError,2.7.13,2004
choderalab/openmm-forcefields,openmmforcefields/data/minidrugbank/Filter unspecified stereochemistry.ipynb,ModuleNotFoundError,ModuleNotFoundError,3.7.3,1276
chuckpr/BvP_manuscript_figures,figures_and_stats/adonis.ipynb,ImportError,ImportError,2.7.9,2109
chuckpr/BvP_manuscript_figures,figures_and_stats/deseq-HighCP.ipynb,ImportError,ImportError,2.7.9,2109
chuckpr/BvP_manuscript_figures,figures_and_stats/l2fc_figs.ipynb,ImportError,ImportError,2.7.9,2109
chuckpr/BvP_manuscript_figures,figures_and_stats/ordination_BP.ipynb,ImportError,ImportError,2.7.9,2109
chuckpr/BvP_manuscript_figures,figures_and_stats/rarefaction_curves.ipynb,ImportError,ImportError,2.7.9,2109
chuckpr/BvP_manuscript_figures,sequence_QC_A.ipynb,ImportError,ImportError,2.7.9,2109
chuckpr/BvP_manuscript_figures,sequence_QC_B.ipynb,ImportError,ImportError,2.7.9,2109
colomoto/colomoto-docker,tutorials/CellCollective/CellCollective - Knowledge Base.ipynb,ModuleNotFoundError,ModuleNotFoundError,3.7.4,1621
colomoto/colomoto-docker,tutorials/MaBoSS/Toy Example.ipynb,ModuleNotFoundError,ModuleNotFoundError,3.6.4,1621
colomoto/colomoto-docker,tutorials/NuSMV/NuSMV with GINsim.ipynb,ModuleNotFoundError,ModuleNotFoundError,3.6.4,1621
colomoto/colomoto-docker,tutorials/Pint/quick-tutorial.ipynb,ModuleNotFoundError,ModuleNotFoundError,3.7.4,1621
colomoto/colomoto-docker,"tutorials/R-BoolNet/Random BN generation, loading with biolqm or minibn.ipynb",ModuleNotFoundError,ModuleNotFoundError,3.7.3,1621
colomoto/colomoto-docker,tutorials/bioLQM/Fixpoints (interactive).ipynb,ModuleNotFoundError,ModuleNotFoundError,3.6.6,1621
colomoto/colomoto-docker,tutorials/bioLQM/bioLQM_tutorial.ipynb,ModuleNotFoundError,ModuleNotFoundError,3.6.6,1621
colomoto/colomoto-docker,tutorials/minibn/Model creation and edition with minibn.ipynb,ModuleNotFoundError,ModuleNotFoundError,3.6.6,1621
coskunlab/Ion-Beam-Tomography,P3 DeepLearning-IBT/projection/deepIBTbrdu.ipynb,ModuleNotFoundError,ModuleNotFoundError,3.7.4,19
coskunlab/Ion-Beam-Tomography,P3 DeepLearning-IBT/projection/deepIBTfluo.ipynb,ModuleNotFoundError,ModuleNotFoundError,3.7.4,19
coskunlab/Ion-Beam-Tomography,P3 DeepLearning-IBT/projection/deepIBTidu.ipynb,ModuleNotFoundError,ModuleNotFoundError,3.7.4,19
coskunlab/Ion-Beam-Tomography,P3 DeepLearning-IBT/projection/deepIBTsi.ipynb,ModuleNotFoundError,ModuleNotFoundError,3.7.4,19
coskunlab/Ion-Beam-Tomography,P4 3DSpatialClustering-IBT/MainCodeEditedFiveGTCell11.ipynb,ModuleNotFoundError,ModuleNotFoundError,3.7.4,19
coskunlab/Spatially-resolved-3D-metabolomic-profiling,Isotope Final Code.ipynb,ModuleNotFoundError,ModuleNotFoundError,3.7.4,30
csbl/Jenior_RIPTiDe_2020,notebooks/simple model creation.ipynb,ModuleNotFoundError,ModuleNotFoundError,3.7.5,483
ctboughter/AIMS,app_data/adimab_data/GetCDRs_AA.ipynb,ImportError,ImportError,3.6.8,154
ctboughter/AIMS,notebooks/AIMS_notebook.ipynb,ImportError,ImportError,3.6.10,154
ctboughter/AIMS,notebooks/make_pretty_alignments.ipynb,ModuleNotFoundError,ModuleNotFoundError,3.7.6,154
d-bcarrue/NanoDrugsMalaria,BaselinePipeline.ipynb,ModuleNotFoundError,ModuleNotFoundError,3.7.1,663
d-bcarrue/NanoDrugsMalaria,SHAP_test.ipynb,ModuleNotFoundError,ModuleNotFoundError,3.8.3,663
danforthcenter/plantcv-v2-paper,image-analysis-scripts/figure.2and3.multiplant.watershed/plantcv-multi-plant-phenotyping.ipynb,ImportError,ImportError,2.7.13,1815
danshea/IntroMap,IntroMap.ipynb,ImportError,ImportError,2.7.13,1814
danshea/IntroMap,makeSimulatedHybrids.ipynb,ImportError,ImportError,2.7.13,1814
datarail/datarail,datarail/examples/Merge columbus output with plate and well level metadata files.ipynb,ModuleNotFoundError,ModuleNotFoundError,3.6.5,1178
datarail/datarail,datarail/examples/create_layout_2_cell_lines.ipynb,ImportError,ImportError,3.6.5,1178
datarail/datarail,datarail/examples/create_plate_layout_combination_experiments.ipynb,ImportError,ImportError,3.6.5,1178
davenquinn/Attitude,docs/example-notebooks/Plotting-Interactive.ipynb,ModuleNotFoundError,ModuleNotFoundError,3.6.4,1127
deep-diver/Soccer-Ball-Detection-YOLOv2,YOLOv2-Train.ipynb,ModuleNotFoundError,ModuleNotFoundError,3.6.9,9
deepchem/deepchem,contrib/dragonn/GTC_workshop_tutorial.ipynb,ModuleNotFoundError,ModuleNotFoundError,3.6.2,350
deepchem/deepchem,examples/tutorials/19_Large_Scale_Chemical_Screens.ipynb,ImportError,ImportError,3.6.10,350
deepchem/deepchem,examples/tutorials/21_Introduction_to_Bioinformatics.ipynb,ImportError,ImportError,3.6.10,350
delton137/Machine-Learning-Energetic-Molecules-Notebooks,notebooks/Huang_Massa_compare_featurizations.ipynb,ImportError,ImportError,3.5.4,1653
delton137/Machine-Learning-Energetic-Molecules-Notebooks,notebooks/Huang_Massa_fingerprint_testing.ipynb,ModuleNotFoundError,ModuleNotFoundError,3.6.4,1653
delton137/Machine-Learning-Energetic-Molecules-Notebooks,notebooks/Huang_Massa_residual_analysis.ipynb,ModuleNotFoundError,ModuleNotFoundError,3.6.4,1653
delton137/Machine-Learning-Energetic-Molecules-Notebooks,notebooks/Huang_Massa_test_everything.ipynb,ImportError,ImportError,3.5.4,1653
delton137/Machine-Learning-Energetic-Molecules-Notebooks,notebooks/Learning_curves.ipynb,ModuleNotFoundError,ModuleNotFoundError,3.6.1,1653
delton137/Machine-Learning-Energetic-Molecules-Notebooks,notebooks/generate Coloumb matrices.ipynb,ModuleNotFoundError,ModuleNotFoundError,3.6.1,1653
demotu/BMC,notebooks/PredictionEllipseEllipsoid.ipynb,ImportError,ImportError,3.6.8,1056
demotu/BMC,notebooks/Propagation of uncertainty.ipynb,ModuleNotFoundError,ModuleNotFoundError,3.6.4,1056
demotu/BMC,notebooks/read_c3d.ipynb,ModuleNotFoundError,ModuleNotFoundError,3.7.3,1056
deprekate/PHANOTATE,Validation/Phannotate Gene Length Statistics.ipynb,ModuleNotFoundError,ModuleNotFoundError,3.6.7,1305
deprekate/PHANOTATE,Validation/lastal_counts.ipynb,ModuleNotFoundError,ModuleNotFoundError,3.6.7,1305
dereneaton/Canarium-GBS,nb-2-phylogeny-inference.ipynb,ImportError,ImportError,2.7.13,1650
dereneaton/Canarium-GBS,nb-3-concordance.ipynb,ImportError,ImportError,2.7.13,1650
dereneaton/Canarium-GBS,nb-4-BPP.ipynb,ImportError,ImportError,2.7.13,1650
dereneaton/Canarium-GBS,nb-6-abba-baba.ipynb,ImportError,ImportError,2.7.13,1650
dereneaton/Canarium-GBS,nb-7-BPP-unit-conversion.ipynb,ImportError,ImportError,2.7.13,1650
deriteidavid/conditionally_stable_circuits,Supplementary_notebook.ipynb,ImportError,ImportError,2.7.14,984
dfm/emcee,docs/_static/notebooks/autocorr.ipynb,ModuleNotFoundError,ModuleNotFoundError,3.7.5,1245
dfm/emcee,docs/_static/notebooks/line.ipynb,ModuleNotFoundError,ModuleNotFoundError,3.7.5,1245
dfm/emcee,docs/_static/notebooks/monitor.ipynb,ImportError,ImportError,3.6.8,1245
dhimmel/scopus,1.process-titles.ipynb,ModuleNotFoundError,ModuleNotFoundError,3.6.3,1768
dib-lab/charcoal,charcoal/notebooks/explore-contam.ipynb,ModuleNotFoundError,ModuleNotFoundError,3.7.6,124
dmnfarrell/gordon-group,antigen-mining/workflow_prediction.ipynb,ImportError,ImportError,2.7.10,2030
dmnfarrell/gordon-group,mbovis_annotation/annotation.ipynb,ModuleNotFoundError,ModuleNotFoundError,3.8.6,2030
dmnfarrell/gordon-group,mbovis_annotation/pfam.ipynb,ModuleNotFoundError,ModuleNotFoundError,3.8.6,2030
dmnfarrell/gordon-group,mirnaseq/isomir_analysis.ipynb,ImportError,ImportError,2.7.9,2030
dmnfarrell/gordon-group,mirnaseq/miRNA_features_analysis.ipynb,ImportError,ImportError,2.7.9,2030
dpeerlab/Palantir,notebooks/comparisons/dpt.ipynb,ImportError,ImportError,3.6.5,268
dpeerlab/Palantir,notebooks/comparisons/fateid.ipynb,ImportError,ImportError,3.6.5,268
dpeerlab/Palantir,notebooks/comparisons/monocle2.ipynb,ImportError,ImportError,3.6.5,268
dpeerlab/Palantir,notebooks/comparisons/paga.ipynb,ImportError,ImportError,3.6.5,268
dpeerlab/Palantir,notebooks/comparisons/slignshot.ipynb,ImportError,ImportError,3.6.5,268
ekbors/lionfish_scripts,allele_tracking_notebook_for_online.ipynb,ImportError,ImportError,2.7.10,1410
elifesciences-publications/2018_Bacterial_Pipeline_riboseq,GFF parsing Coli.ipynb,ImportError,ImportError,2.7.13,1423
elifesciences-publications/2018_Bacterial_Pipeline_riboseq,Ribo_Density.ipynb,ImportError,ImportError,2.7.13,1423
elifesciences-publications/CBM_C3_C4_Metabolism,notebooks/2019-05-06-mb-genC3-CO2-Effect.ipynb,ImportError,ImportError,2.7.6,936
elifesciences-publications/CBM_C3_C4_Metabolism,notebooks/2019-05-06-mb-genC3-Light-Effect.ipynb,ImportError,ImportError,2.7.6,936
elifesciences-publications/CBM_C3_C4_Metabolism,notebooks/2019-05-06-mb-genC3.ipynb,ImportError,ImportError,2.7.6,936
elifesciences-publications/CBM_C3_C4_Metabolism,notebooks/2019-05-06-mb-genC4-C4-mode.ipynb,ImportError,ImportError,2.7.6,936
elifesciences-publications/CBM_C3_C4_Metabolism,notebooks/2019-05-06-mb-genC4-CO2-Limitation.ipynb,ImportError,ImportError,2.7.6,936
elifesciences-publications/CBM_C3_C4_Metabolism,notebooks/2019-05-06-mb-genC4-Decarb-Oxy-Ratio-Effect.ipynb,ImportError,ImportError,2.7.6,936
elifesciences-publications/CBM_C3_C4_Metabolism,notebooks/2019-05-06-mb-genC4-H2O-Limitation.ipynb,ImportError,ImportError,2.7.6,936
elifesciences-publications/CBM_C3_C4_Metabolism,notebooks/2019-05-06-mb-genC4-Light-Effect.ipynb,ImportError,ImportError,2.7.6,936
elifesciences-publications/CBM_C3_C4_Metabolism,notebooks/2019-05-06-mb-genC4-Mal_Asp-Ratio-Effect.ipynb,ImportError,ImportError,2.7.6,936
elifesciences-publications/CBM_C3_C4_Metabolism,notebooks/2019-05-06-mb-genC4-N-Limitation-Effect.ipynb,ImportError,ImportError,2.7.6,936
elifesciences-publications/FIP-NDP52-paper,GUVintensity.ipynb,ImportError,ImportError,3.6.7,301
elifesciences-publications/PB2-DMS,Fig1_ProcessDMSdata.ipynb,ModuleNotFoundError,ModuleNotFoundError,3.6.5,1293
elifesciences-publications/PB2-DMS,Fig2_InferPreferences.ipynb,ModuleNotFoundError,ModuleNotFoundError,3.6.5,1293
elifesciences-publications/PB2-DMS,Fig3_IdentifyAdaptiveMutations.ipynb,ModuleNotFoundError,ModuleNotFoundError,3.6.5,1293
elifesciences-publications/PB2-DMS,Fig5_MapDiffSelToStructure.ipynb,ModuleNotFoundError,ModuleNotFoundError,3.6.5,1293
elifesciences-publications/PB2-DMS,Fig6_H7N9.ipynb,ModuleNotFoundError,ModuleNotFoundError,3.6.5,1293
elifesciences-publications/PB2-DMS,Fig7_Accessibility.ipynb,ModuleNotFoundError,ModuleNotFoundError,3.6.5,1293
elifesciences-publications/Priming-Skin-to-Regenerate-by-Inducing-Lef1-Expression-in-Fibroblasts-,Figure1a-c Supp Fig1b-c.ipynb,ModuleNotFoundError,ModuleNotFoundError,3.7.4,636
elifesciences-publications/Priming-Skin-to-Regenerate-by-Inducing-Lef1-Expression-in-Fibroblasts-,Phan et al. Figure 1 d-g.ipynb,ModuleNotFoundError,ModuleNotFoundError,3.7.4,636
elifesciences-publications/Priming-Skin-to-Regenerate-by-Inducing-Lef1-Expression-in-Fibroblasts-,Phan et al. Figure 2 Part 1.ipynb,ModuleNotFoundError,ModuleNotFoundError,3.7.6,636
elifesciences-publications/Priming-Skin-to-Regenerate-by-Inducing-Lef1-Expression-in-Fibroblasts-,Phan et al. Figure 2 Part 2.ipynb,ModuleNotFoundError,ModuleNotFoundError,3.7.6,636
elifesciences-publications/RegSeq,notebooks/1_2_checkmutations.ipynb,ModuleNotFoundError,ModuleNotFoundError,3.6.9,264
elifesciences-publications/RegSeq,notebooks/3_1_create_keys.ipynb,ModuleNotFoundError,ModuleNotFoundError,3.6.9,264
elifesciences-publications/RegSeq,notebooks/4_1_match_data.ipynb,ModuleNotFoundError,ModuleNotFoundError,3.6.9,264
elifesciences-publications/RegSeq,notebooks/4_2_inference.ipynb,ModuleNotFoundError,ModuleNotFoundError,3.6.9,264
elifesciences-publications/RegSeq,notebooks/4_4_plot_sequence_logo.ipynb,ModuleNotFoundError,ModuleNotFoundError,3.6.9,264
elifesciences-publications/RegSeq,notebooks/4_5_plot_energy_matrix.ipynb,ModuleNotFoundError,ModuleNotFoundError,3.6.9,264
elifesciences-publications/RegSeq,notebooks/5_1_mass_spec_pval.ipynb,ModuleNotFoundError,ModuleNotFoundError,3.6.9,264
elifesciences-publications/RegSeq,notebooks/5_2_plot_mass_spec.ipynb,ModuleNotFoundError,ModuleNotFoundError,3.6.9,264
elifesciences-publications/RegSeq,notebooks/deprecated_notebooks/SortSeq_Information_Footprints_new.ipynb,ModuleNotFoundError,ModuleNotFoundError,3.6.9,264
elifesciences-publications/RegSeq,notebooks/deprecated_notebooks/auto_peak_call.ipynb,ModuleNotFoundError,ModuleNotFoundError,3.6.9,264
elifesciences-publications/RegSeq,notebooks/deprecated_notebooks/checkmutations.ipynb,ModuleNotFoundError,ModuleNotFoundError,3.6.9,264
elifesciences-publications/RegSeq,notebooks/deprecated_notebooks/mass_spec_pval.ipynb,ModuleNotFoundError,ModuleNotFoundError,3.6.9,264
elifesciences-publications/RegSeq,notebooks/deprecated_notebooks/plot_arrays.ipynb,ModuleNotFoundError,ModuleNotFoundError,3.6.9,264
elifesciences-publications/RegSeq,notebooks/deprecated_notebooks/plot_mass_spec.ipynb,ModuleNotFoundError,ModuleNotFoundError,3.6.9,264
elifesciences-publications/YeastTrackAnalysis,analysis_3_analyzeSingleTracks_multiTrack_2_tracePlots_averages.ipynb,ModuleNotFoundError,ModuleNotFoundError,3.6.3,921
elifesciences-publications/YeastTrackAnalysis,analysis_pipeline.ipynb,ModuleNotFoundError,ModuleNotFoundError,3.6.3,921
elifesciences-publications/brian2_paper_examples,example_appendix_multicompartment_model.ipynb,ModuleNotFoundError,ModuleNotFoundError,3.6.7,1124
elifesciences-publications/crossref,1.works-to-dataframe.ipynb,ModuleNotFoundError,ModuleNotFoundError,3.6.0,1763
elifesciences-publications/crossref,2.types-to-dataframe.ipynb,ModuleNotFoundError,ModuleNotFoundError,3.6.0,1763
elifesciences-publications/example-analyses,WMazeDemo.ipynb,ImportError,ImportError,3.5.3,1664
elifesciences-publications/ferrin_elife_2017,scripts/fit_simulation_to_experiment.ipynb,ImportError,ImportError,2.7.6,1947
elifesciences-publications/ferrin_elife_2017,scripts/plot_simulation_results_figs_3_to_7.ipynb,ImportError,ImportError,2.7.6,1947
elifesciences-publications/flu_single_cell,paper/figures/simple_Poisson_model.ipynb,ImportError,ImportError,3.5.2,1781
elifesciences-publications/scihub,download/libgen/3.read_mysql.ipynb,ModuleNotFoundError,ModuleNotFoundError,3.6.0,1765
elifesciences-publications/scihub,download/scihub-logs/3.crossref-metadata.ipynb,ModuleNotFoundError,ModuleNotFoundError,3.6.0,1765
elifesciences-publications/scopus,1.process-titles.ipynb,ModuleNotFoundError,ModuleNotFoundError,3.6.3,1769
elifesciences-publications/self-assembling-manifold,paper_data_collection_plotting/cluster_benchmark_barplot.ipynb,ModuleNotFoundError,ModuleNotFoundError,3.6.8,1061
elifesciences-publications/self-assembling-manifold,paper_data_collection_plotting/cluster_benchmark_biology.ipynb,ModuleNotFoundError,ModuleNotFoundError,3.6.8,1061
elifesciences-publications/self-assembling-manifold,paper_data_collection_plotting/corruption_screen.ipynb,ModuleNotFoundError,ModuleNotFoundError,3.6.8,1061
elifesciences-publications/self-assembling-manifold,paper_data_collection_plotting/figure1_metrics.ipynb,ModuleNotFoundError,ModuleNotFoundError,3.6.8,1061
elifesciences-publications/self-assembling-manifold,paper_data_collection_plotting/seurat_screen.ipynb,ModuleNotFoundError,ModuleNotFoundError,3.6.8,1061
elifesciences-publications/self-assembling-manifold,tutorial/SAM_Batch/macrophage_analysis.ipynb,ModuleNotFoundError,ModuleNotFoundError,3.6.8,1061
elifesciences-publications/self-assembling-manifold,tutorial/SAM_Batch/schisto_batch_correction.ipynb,ModuleNotFoundError,ModuleNotFoundError,3.6.8,1061
elifesciences-publications/self-assembling-manifold,tutorial/SAM_Functions/function_details.ipynb,ModuleNotFoundError,ModuleNotFoundError,3.6.8,1061
elifesciences-publications/self-assembling-manifold,tutorial/SAM_IO/saving_loading_data.ipynb,ModuleNotFoundError,ModuleNotFoundError,3.6.8,1061
elifesciences-publications/self-assembling-manifold,tutorial/SAM_Parameters/parameter_exploration.ipynb,ModuleNotFoundError,ModuleNotFoundError,3.6.8,1061
elifesciences-publications/self-assembling-manifold,tutorial/SAM_Plotting/plotting_tutorial.ipynb,ModuleNotFoundError,ModuleNotFoundError,3.6.8,1061
elifesciences-publications/self-assembling-manifold,tutorial/SAM_Structure/SAM_attributes.ipynb,ModuleNotFoundError,ModuleNotFoundError,3.6.9,1061
elifesciences-publications/self-assembling-manifold,tutorial/quickstart_guide.ipynb,ModuleNotFoundError,ModuleNotFoundError,3.6.9,1061
elifesciences-publications/tutorials,develop.ipynb,ImportError,ImportError,3.5.2,1663
elifesciences-publications/wiki-citation-usage,notebooks/DatasetAnonymization.ipynb,ImportError,ImportError,3.5.3,801
elifesciences-publications/wiki-citation-usage,notebooks/PCOR.ipynb,ImportError,ImportError,3.5.3,801
elifesciences-publications/wiki-citation-usage,notebooks/events--infobox-and-section.ipynb,ImportError,ImportError,3.5.3,801
elifesciences-publications/wiki-citation-usage,notebooks/events--overview-distinct-events.ipynb,ImportError,ImportError,3.5.3,801
elifesciences-publications/wiki-citation-usage,notebooks/events--overview.ipynb,ImportError,ImportError,3.5.3,801
elifesciences-publications/wiki-citation-usage,notebooks/events--time-to-event.ipynb,ImportError,ImportError,3.5.3,801
elifesciences-publications/wiki-citation-usage,notebooks/events-and-counts--hostnames.ipynb,ImportError,ImportError,3.5.3,801
elifesciences-publications/wiki-citation-usage,notebooks/events-and-counts--section_ids.ipynb,ImportError,ImportError,3.5.3,801
elifesciences-publications/wiki-citation-usage,notebooks/events-and-counts--top-level-domains.ipynb,ImportError,ImportError,3.5.3,801
elifesciences-publications/wiki-citation-usage,notebooks/events-and-counts-and-pageviews--WPM-page-classes.ipynb,ImportError,ImportError,3.5.3,801
elifesciences-publications/wiki-citation-usage,notebooks/events-and-pageviews--most-visited-WPM-pages.ipynb,ImportError,ImportError,3.5.3,801
elifesciences-publications/wiki-citation-usage,notebooks/exploratory--ncbi-and-free.ipynb,ImportError,ImportError,3.5.3,801
elifesciences-publications/wiki-citation-usage,notebooks/exploratory--tools_dot_wmflabs_dot_org-links.ipynb,ImportError,ImportError,3.5.3,801
elifesciences-publications/wiki-citation-usage,notebooks/export-to-parquet.ipynb,ImportError,ImportError,3.5.3,801
elifesciences-publications/wiki-citation-usage,notebooks/populate-freely_accessible-from-dumps.ipynb,ImportError,ImportError,3.5.3,801
elifesciences-publications/wiki-citation-usage,notebooks/populate-infobox-table-from-dumps.ipynb,ImportError,ImportError,3.5.3,801
elifesciences-publications/wiki-citation-usage,notebooks/populate-page_lengths-table-from-dumps.ipynb,ImportError,ImportError,3.5.3,801
elifesciences-publications/wiki-citation-usage,notebooks/populate-page_titles-table-from-dumps.ipynb,ImportError,ImportError,3.5.3,801
elifesciences-publications/wiki-citation-usage,notebooks/populate-pages-tables.ipynb,ImportError,ImportError,3.5.3,801
elifesciences-publications/wiki-citation-usage,notebooks/populate-section-table.ipynb,ImportError,ImportError,3.5.3,801
elija-feigl/FitViewer,viewertool.ipynb,ModuleNotFoundError,ModuleNotFoundError,3.6.7-final,191
eliteodorescu/ODYN,Notebooks/ODYN_Automatic.ipynb,ModuleNotFoundError,ModuleNotFoundError,3.6.4,347
eliteodorescu/ODYN,Notebooks/ODYN_Notebook.ipynb,ModuleNotFoundError,ModuleNotFoundError,3.6.4,347
elkebir-group/ClonArch,data/LP.ipynb,ModuleNotFoundError,ModuleNotFoundError,3.7.5,352
ethereumbook/ethereumbook,code/jupyter_notebook/keys_and_addresses_python_notebook.ipynb,ImportError,ImportError,3.5.2,1222
evogytis/baltic,docs/notebooks/austechia.ipynb,ModuleNotFoundError,ModuleNotFoundError,3.7.3,104
extavourlab/hpo_ova_eggL_screen,Notebooks/03.2_ROC_curve_analysis_of_network_metrics.ipynb,ImportError,ImportError,3.5.6,612
extavourlab/hpo_ova_eggL_screen,Notebooks/07_Signaling_pathway_analysis.ipynb,ImportError,ImportError,3.5.6,612
farhat-lab/in-host-Mtbc-dynamics,(A) Find Genomic Coordinates for Epitope Peptide Sequences using BLAST.ipynb,ImportError,ImportError,2.7.16,17
farhat-lab/in-host-Mtbc-dynamics,(B) Create Gene Categories.ipynb,ImportError,ImportError,2.7.16,17
farhat-lab/in-host-Mtbc-dynamics,(F) Code to Functionally Annotate Single Nucleotide Variants.ipynb,ImportError,ImportError,2.7.16,17
farhat-lab/in-host-Mtbc-dynamics,(I) Replicate and Longitudinal SNP comparison to find optimal AF change threshold% for in-host SNPs.ipynb,ImportError,ImportError,2.7.16,17
farhat-lab/in-host-Mtbc-dynamics,Longitudinal Isolates/(G) Drug Resistance Genotype Prediction on Longitudinal Samples.ipynb,ImportError,ImportError,2.7.16,17
farhat-lab/in-host-Mtbc-dynamics,Longitudinal Isolates/In-host SNPs with AF change of 70% analyses/(A) Organize and Visualize SNPs with Circos Plot and Heatmap.ipynb,ImportError,ImportError,2.7.16,17
farhat-lab/in-host-Mtbc-dynamics,Longitudinal Isolates/In-host SNPs with AF change of 70% analyses/(B) Mutational Spectrum of SNPs and AF change between Functional SNP type.ipynb,ImportError,ImportError,2.7.16,17
farhat-lab/in-host-Mtbc-dynamics,Longitudinal Isolates/In-host SNPs with AF change of 70% analyses/(D) Num SNPs vs Time Between Sample Collection.ipynb,ImportError,ImportError,2.7.16,17
farhat-lab/in-host-Mtbc-dynamics,Longitudinal Isolates/In-host SNPs with AF change of 70% analyses/(E) Num SNPs vs Time Between Sample Collection for Confirmed Failure Relapse Patients.ipynb,ImportError,ImportError,2.7.16,17
farhat-lab/in-host-Mtbc-dynamics,Longitudinal Isolates/In-host SNPs with AF change of 70% analyses/(F) Convergent Mutations at Pathway Level Analysis.ipynb,ImportError,ImportError,2.7.16,17
farhat-lab/in-host-Mtbc-dynamics,Replicate Isolates/(A) Process Replicate Samples - FASTQ to VCF.ipynb,ImportError,ImportError,2.7.16,17
farhat-lab/in-host-Mtbc-dynamics,"SNPs from Public Samples & tSNE Homoplasy Visualization/(B) Assign Lineages to Samples, Downsample & Re-Filter for Genotypes Matrix.ipynb",ImportError,ImportError,2.7.16,17
farhat-lab/in-host-Mtbc-dynamics,SNPs from Public Samples & tSNE Homoplasy Visualization/(D) Phylogenetic Convergence Test in Public Samples for In-Host SNPs.ipynb,ImportError,ImportError,2.7.16,17
farhat-lab/in-host-Mtbc-dynamics,Short Read Simulations/(C) Call Variants in Reference Genomes and Simulated Samples against H37Rv.ipynb,ImportError,ImportError,2.7.16,17
farhat-lab/in-host-Mtbc-dynamics,Short Read Simulations/(D) Analysis of Variant Calls from Simulated Reads.ipynb,ImportError,ImportError,2.7.16,17
flamholz/carboxecoli,notebooks/01_FBA_rubisco_flux_prediction.ipynb,ModuleNotFoundError,ModuleNotFoundError,3.8.2,193
flamholz/carboxecoli,notebooks/Figure 2S1 OptSlope design.ipynb,ModuleNotFoundError,ModuleNotFoundError,3.6.5,193
flamholz/carboxecoli,notebooks/Figure 3 ambient growth.ipynb,ModuleNotFoundError,ModuleNotFoundError,3.8.2,193
flamholz/carboxecoli,notebooks/Figure 3S2 ambient growth.ipynb,ModuleNotFoundError,ModuleNotFoundError,3.8.2,193
flamholz/carboxecoli,notebooks/Figure 4 CCM mutants 12day.ipynb,ModuleNotFoundError,ModuleNotFoundError,3.8.2,193
flamholz/carboxecoli,notebooks/Figure 4S1 CCM mutants endpoint both.ipynb,ModuleNotFoundError,ModuleNotFoundError,3.8.2,193
flamholz/carboxecoli,notebooks/Figure 6 and supplements LCMS.ipynb,ModuleNotFoundError,ModuleNotFoundError,3.8.2,193
flamholz/malate_synthase,pipeline/00_reformat_and_filter.ipynb,ModuleNotFoundError,ModuleNotFoundError,3.7.3,280
flamholz/malate_synthase,pipeline/01_plot_co_occurrence.ipynb,ModuleNotFoundError,ModuleNotFoundError,3.7.3,280
gallantlab/pyrcca,examples/Pyrcca_neuroimaging_example.ipynb,ModuleNotFoundError,ModuleNotFoundError,3.7.3,2015
gallantlab/pyrcca,examples/Pyrcca_usage_example.ipynb,ModuleNotFoundError,ModuleNotFoundError,3.6.8,2015
gitesei/SI-intimin,all-atom_analysis.ipynb,ModuleNotFoundError,ModuleNotFoundError,3.7.6,405
gitesei/SI-intimin,coarse-grained_sims.ipynb,ModuleNotFoundError,ModuleNotFoundError,3.7.6,405
gitter-lab/pria_lifechem,pria_lifechem/analysis/PS_Prediction_vs_Activity_Correlation.ipynb,ModuleNotFoundError,ModuleNotFoundError,3.6.4,1512
gitter-lab/t-cell-classification,image_processing.ipynb,ModuleNotFoundError,ModuleNotFoundError,3.6.8,914
gitter-lab/t-cell-classification,logistic_regression.ipynb,ModuleNotFoundError,ModuleNotFoundError,3.6.8,914
gitter-lab/t-cell-classification,simple_cnn_lenet.ipynb,ModuleNotFoundError,ModuleNotFoundError,3.6.8,914
gitter-lab/t-cell-classification,simple_neural_network.ipynb,ModuleNotFoundError,ModuleNotFoundError,3.6.8,914
gitter-lab/t-cell-classification,transfer_learning.ipynb,ModuleNotFoundError,ModuleNotFoundError,3.6.8,914
glioi/BIDS_fMRI_analysis_nipype,fMRI_1st_Level.ipynb,ModuleNotFoundError,ModuleNotFoundError,3.6.8,737
glioi/BIDS_fMRI_analysis_nipype,fMRI_2nd_Level.ipynb,ModuleNotFoundError,ModuleNotFoundError,3.6.8,737
greenelab/scihub,download/libgen/3.read_mysql.ipynb,ModuleNotFoundError,ModuleNotFoundError,3.6.0,1764
greenelab/scihub,download/scihub-logs/3.crossref-metadata.ipynb,ModuleNotFoundError,ModuleNotFoundError,3.6.0,1764
greenelab/simulate-expression-compendia,Human_tests/Human_experiment_limma.ipynb,ModuleNotFoundError,ModuleNotFoundError,3.7.3,226
greenelab/simulate-expression-compendia,Human_tests/Human_sample_limma.ipynb,ModuleNotFoundError,ModuleNotFoundError,3.7.3,226
greenelab/simulate-expression-compendia,Pseudo_experiments/create_heatmap.ipynb,ModuleNotFoundError,ModuleNotFoundError,3.7.3,226
greenelab/simulate-expression-compendia,Pseudo_experiments/create_vae_compressed_only_experiment.ipynb,ModuleNotFoundError,ModuleNotFoundError,3.7.3,226
greenelab/simulate-expression-compendia,Pseudomonas/Pseudomonas_test_experiment_effect.ipynb,ModuleNotFoundError,ModuleNotFoundError,3.7.3,226
greenelab/simulate-expression-compendia,Pseudomonas_tests/Pseudomonas_experiment_limma.ipynb,ModuleNotFoundError,ModuleNotFoundError,3.7.3,226
greenelab/simulate-expression-compendia,Pseudomonas_tests/Pseudomonas_sample_combat.ipynb,ModuleNotFoundError,ModuleNotFoundError,3.7.3,226
greenelab/simulate-expression-compendia,Pseudomonas_tests/Pseudomonas_sample_limma.ipynb,ModuleNotFoundError,ModuleNotFoundError,3.7.3,226
greenelab/simulate-expression-compendia,Validate_simulations/test_reduced_expression_variance.ipynb,ModuleNotFoundError,ModuleNotFoundError,3.7.3,226
gregmedlock/ssl_ensembles,bin/biolog_processing.ipynb,ImportError,ImportError,3.5.2,878
gregmedlock/ssl_ensembles,bin/curation_targets.ipynb,ImportError,ImportError,3.5.2,878
gregmedlock/ssl_ensembles,bin/deep_gapfill.ipynb,ImportError,ImportError,3.5.2,878
gregmedlock/ssl_ensembles,bin/essentiality_dataset_comparison.ipynb,ImportError,ImportError,3.5.2,878
gregmedlock/ssl_ensembles,bin/generate_recons.ipynb,ImportError,ImportError,3.5.2,878
gregmedlock/ssl_ensembles,bin/iterative_gapfill.ipynb,ImportError,ImportError,3.5.2,878
gregmedlock/ssl_ensembles,bin/plot_knockouts.ipynb,ImportError,ImportError,3.5.2,878
gregmedlock/ssl_ensembles,bin/reaction_and_gene_knockouts.ipynb,ImportError,ImportError,3.5.2,878
gregmedlock/ssl_ensembles,bin/subsample_ensembles.ipynb,ImportError,ImportError,3.5.2,878
gregmedlock/ssl_ensembles,bin/test_train_split.ipynb,ImportError,ImportError,3.5.2,878
hanmei5191/Plasmid_heteroplasmy,Figure_1/Figure_1.ipynb,ImportError,ImportError,2.7.14,1057
hanmei5191/Plasmid_heteroplasmy,Figure_2/Figure_2_modelling.ipynb,ImportError,ImportError,2.7.14,1057
hanmei5191/Plasmid_heteroplasmy,Figure_2/Figure_2_trajectory.ipynb,ImportError,ImportError,2.7.14,1057
hanmei5191/Plasmid_heteroplasmy,Figure_S1/Figure_S1.ipynb,ImportError,ImportError,2.7.14,1057
hanmei5191/Plasmid_heteroplasmy,Figure_S2/Figure_S2.ipynb,ImportError,ImportError,2.7.14,1057
hanmei5191/Plasmid_heteroplasmy,Figure_S4/Figure_S4A.ipynb,ImportError,ImportError,2.7.14,1057
hanmei5191/Plasmid_heteroplasmy,Figure_S4/Figure_S4B.ipynb,ImportError,ImportError,2.7.14,1057
hanmei5191/Plasmid_heteroplasmy,Figure_S7/Figure_S7.ipynb,ImportError,ImportError,2.7.14,1057
harmslab/latticeproteins,examples/Basic example of latticeproteins.ipynb,ModuleNotFoundError,ModuleNotFoundError,3.6.2,1865
harmslab/notebooks-nonlinear-high-order-epistasis,figures-notebooks/figure-02.ipynb,ImportError,ImportError,3.6.2,1985
harmslab/notebooks-nonlinear-high-order-epistasis,figures-notebooks/figure-03.ipynb,ImportError,ImportError,3.6.2,1985
harmslab/notebooks-nonlinear-high-order-epistasis,figures-notebooks/figure-04.ipynb,ImportError,ImportError,3.6.2,1985
harmslab/notebooks-nonlinear-high-order-epistasis,figures-notebooks/figure-05.ipynb,ImportError,ImportError,3.6.2,1985
harmslab/notebooks-nonlinear-high-order-epistasis,figures-notebooks/figure-06.ipynb,ImportError,ImportError,3.6.2,1985
helmutsimon/ProbPolymorphism,tables_and_figures/generate_tables.ipynb,ModuleNotFoundError,ModuleNotFoundError,3.7.3,324
histedlab/code-feedforward-inhibition-condLIF,Example-network_response_feedforward_input.ipynb,ImportError,ImportError,2.7.11,1705
hms-dbmi/Hail-on-Google-Cloud,Analysis/GWAS_Gender_Phase1.ipynb,ModuleNotFoundError,ModuleNotFoundError,3.6.4,271
hms-dbmi/Hail-on-Google-Cloud,Tutorial/Create_MT_file.ipynb,ModuleNotFoundError,ModuleNotFoundError,3.6.4,271
ideaconsult/notebooks-ambit,excapedb/fix_release_v1.ipynb,ModuleNotFoundError,ModuleNotFoundError,3.6.4,240
ideaconsult/notebooks-ambit,excapedb/structures.ipynb,ModuleNotFoundError,ModuleNotFoundError,3.6.4,240
idekerlab/cy-rest-python,basic/CytoscapeJS_visualization.ipynb,ImportError,ImportError,2.7.10,2103
idekerlab/cy-rest-python,basic/CytoscapeREST_Basic2.ipynb,ImportError,ImportError,2.7.10,2103
idekerlab/cy-rest-python,basic/CytoscapeREST_Basic3.ipynb,ImportError,ImportError,2.7.10,2103
idekerlab/cy-rest-python,basic/RECOMB2014_demo-final.ipynb,ImportError,ImportError,2.7.10,2103
illumina/paragraph,share/test-data/paragraph/pg-het-ins/pg-het-ins.ipynb,ModuleNotFoundError,ModuleNotFoundError,3.6.0,1188
invibe/ANEMO,demo/show.ipynb,ModuleNotFoundError,ModuleNotFoundError,3.7.2,487
invibe/ANEMO,dev/2018-05-30_poster___Plot.ipynb,ModuleNotFoundError,ModuleNotFoundError,3.6.9,487
invibe/ANEMO,dev/2018-05-30_poster___Scatterplot_full.ipynb,ModuleNotFoundError,ModuleNotFoundError,3.6.9,487
invibe/ANEMO,dev/2018-05-30_poster___Scatterplot_full_aa.ipynb,ModuleNotFoundError,ModuleNotFoundError,3.6.9,487
invibe/ANEMO,dev/2018-12-20_plotly___test.ipynb,ModuleNotFoundError,ModuleNotFoundError,3.6.9,487
invibe/ANEMO,dev/2019-01-07_plotly___fct_position.ipynb,ModuleNotFoundError,ModuleNotFoundError,3.6.9,487
invibe/ANEMO,dev/2019-01-07_plotly___fct_saccade.ipynb,ModuleNotFoundError,ModuleNotFoundError,3.6.9,487
invibe/ANEMO,dev/2019-01-07_plotly___fct_velocity-Copy1.ipynb,ModuleNotFoundError,ModuleNotFoundError,3.6.9,487
invibe/ANEMO,dev/2019-01-07_plotly___fct_velocity.ipynb,ModuleNotFoundError,ModuleNotFoundError,3.6.9,487
invibe/ANEMO,dev/2019-01-14_sklearn___test_SVM_2.ipynb,ModuleNotFoundError,ModuleNotFoundError,3.6.9,487
invibe/ANEMO,dev/2019-01-16_sort_BadTrial___sklearn__Data.ipynb,ModuleNotFoundError,ModuleNotFoundError,3.6.9,487
invibe/ANEMO,dev/2019-01-16_sort_BadTrial___sklearn__Data_2_classes.ipynb,ModuleNotFoundError,ModuleNotFoundError,3.6.9,487
invibe/ANEMO,dev/2019-02-01_sort_BadTrial___sklearn__Data_Full.ipynb,ModuleNotFoundError,ModuleNotFoundError,3.6.9,487
invibe/ANEMO,dev/2019-02-08_sort_BadTrial___sklearn__scoring_balanced.ipynb,ModuleNotFoundError,ModuleNotFoundError,3.6.9,487
invibe/ANEMO,dev/2019-02-08_sort_BadTrial___sklearn__scoring_balanced_2.ipynb,ModuleNotFoundError,ModuleNotFoundError,3.6.9,487
invibe/ANEMO,dev/2019-02-20_sort_BadTrial___sklearn__Normalization.ipynb,ModuleNotFoundError,ModuleNotFoundError,3.6.9,487
invibe/ANEMO,dev/2019-02-20_sort_BadTrial___sklearn__Normalization_2.ipynb,ModuleNotFoundError,ModuleNotFoundError,3.6.9,487
invibe/ANEMO,dev/2019-02-26_sort_BadTrial___sklearn__change_descripteur.ipynb,ModuleNotFoundError,ModuleNotFoundError,3.6.9,487
invibe/ANEMO,dev/2019-02-26_sort_BadTrial___sklearn__change_descripteur_1.ipynb,ModuleNotFoundError,ModuleNotFoundError,3.6.9,487
invibe/ANEMO,dev/2019-03-05_sort_BadTrial___sklearn__change_descripteur_Largeur_sacc.ipynb,ModuleNotFoundError,ModuleNotFoundError,3.6.9,487
invibe/ANEMO,dev/2019-03-06_sort_BadTrial___sklearn__change_descripteur_integrale.ipynb,ModuleNotFoundError,ModuleNotFoundError,3.6.9,487
invibe/ANEMO,dev/2019-03-18_sort_BadTrial___sklearn__change_descripteur_sacc.ipynb,ModuleNotFoundError,ModuleNotFoundError,3.6.9,487
invibe/ANEMO,dev/2019-03-19_Fit_Full___old_velocity_filt_30.ipynb,ModuleNotFoundError,ModuleNotFoundError,3.6.9,487
invibe/ANEMO,dev/2019-03-19_Fit___Velocity_new_fct_velocity_lineaire.ipynb,ModuleNotFoundError,ModuleNotFoundError,3.6.9,487
invibe/ANEMO,dev/2019-03-19_Fit___Velocity_new_fct_velocity_sigmoide.ipynb,ModuleNotFoundError,ModuleNotFoundError,3.6.9,487
invibe/ANEMO,dev/2019-03-29_Fit_Full___velocity_line.ipynb,ModuleNotFoundError,ModuleNotFoundError,3.6.9,487
invibe/ANEMO,dev/2019-04-12_sort_BadTrial___sklearn__fct_velocity_sigmo.ipynb,ModuleNotFoundError,ModuleNotFoundError,3.6.9,487
invibe/ANEMO,dev/2019-11-18_sort_BadTrial___Confidence_intervals.ipynb,ModuleNotFoundError,ModuleNotFoundError,3.6.9,487
invibe/ANEMO,dev/2019-12-02_sort_BadTrial___Confidence_intervals.ipynb,ModuleNotFoundError,ModuleNotFoundError,3.6.9,487
invibe/ANEMO,dev/2019-12-12_sort_BadTrial___Confidence_intervals_of_params.ipynb,ModuleNotFoundError,ModuleNotFoundError,3.6.9,487
invibe/ANEMO,dev/2019-12-16_sort_BadTrial___Covariance_Confidence_intervals_trial_simulated_with_Nan.ipynb,ModuleNotFoundError,ModuleNotFoundError,3.6.9,487
invibe/ANEMO,dev/2019-12-17_sort_BadTrial___Covariance_hist_of_params.ipynb,ModuleNotFoundError,ModuleNotFoundError,3.6.9,487
invibe/ANEMO,dev/2019-12-19_sort_BadTrial___Covariance_Confidence_intervals_trial_simulated_with_Noise.ipynb,ModuleNotFoundError,ModuleNotFoundError,3.6.9,487
invibe/ANEMO,dev/2019-12-19_sort_BadTrial___Covariance_chisqr.ipynb,ModuleNotFoundError,ModuleNotFoundError,3.6.9,487
invibe/ANEMO,dev/2019-12-19_sort_BadTrial___aSPEM___param_difference_Bad_Good_Trial.ipynb,ModuleNotFoundError,ModuleNotFoundError,3.6.9,487
invibe/ANEMO,dev/2020-01-08_sort_BadTrial___Test_redChi.ipynb,ModuleNotFoundError,ModuleNotFoundError,3.6.9,487
invibe/ANEMO,dev/2020-01-10_sort_BadTrial___aSPEM___fit_multiple__modif_data.ipynb,ModuleNotFoundError,ModuleNotFoundError,3.6.9,487
invibe/ANEMO,dev/2020-01-20_sort_BadTrial___aSPEM___fit_multiple__modif_data_nan.ipynb,ModuleNotFoundError,ModuleNotFoundError,3.6.9,487
invibe/ANEMO,dev/2020-01-20_sort_BadTrial___aSPEM___fit_multiple__modif_param.ipynb,ModuleNotFoundError,ModuleNotFoundError,3.6.9,487
invibe/ANEMO,dev/2020-01-20_sort_BadTrial___aSPEM___fit_multiple__modif_param_et_data.ipynb,ModuleNotFoundError,ModuleNotFoundError,3.6.9,487
invibe/ANEMO,dev/2020-01-21_sort_BadTrial___SPEM___fit_multiple__modif_data.ipynb,ModuleNotFoundError,ModuleNotFoundError,3.6.9,487
invibe/ANEMO,dev/2020-01-21_sort_BadTrial___SPEM___fit_multiple__modif_data_nan.ipynb,ModuleNotFoundError,ModuleNotFoundError,3.6.9,487
invibe/ANEMO,dev/2020-01-24_sort_BadTrial___SPEM___fit_multiple__modif_data_decimation_stochastiques.ipynb,ModuleNotFoundError,ModuleNotFoundError,3.6.9,487
invibe/ANEMO,dev/2020-01-24_sort_BadTrial___aSPEM___fit_multiple__modif_data_decimation_stochastiques.ipynb,ModuleNotFoundError,ModuleNotFoundError,3.6.9,487
invibe/ANEMO,dev/2020-02-10_sort_BadTrial___SPEM___fit_multiple_position__modif_data_decimation_stochastiques.ipynb,ModuleNotFoundError,ModuleNotFoundError,3.6.9,487
invibe/ANEMO,dev/2020-02-10_sort_BadTrial___aSPEM___fit_multiple_position__modif_data_decimation_stochastiques.ipynb,ModuleNotFoundError,ModuleNotFoundError,3.6.9,487
invibe/ANEMO,dev/2020-02-12_modif_param_tau.ipynb,ModuleNotFoundError,ModuleNotFoundError,3.6.9,487
jakobrunge/tigramite,tutorials/tigramite_tutorial_assumptions.ipynb,ModuleNotFoundError,ModuleNotFoundError,3.6.9,803
jakobrunge/tigramite,tutorials/tigramite_tutorial_basics.ipynb,ModuleNotFoundError,ModuleNotFoundError,3.6.9,803
jakobrunge/tigramite,tutorials/tigramite_tutorial_causal_effects_mediation.ipynb,ModuleNotFoundError,ModuleNotFoundError,3.6.9,803
jakobrunge/tigramite,tutorials/tigramite_tutorial_pcmci_fullci.ipynb,ModuleNotFoundError,ModuleNotFoundError,3.6.9,803
jakobrunge/tigramite,tutorials/tigramite_tutorial_pcmciplus.ipynb,ModuleNotFoundError,ModuleNotFoundError,3.6.9,803
jakobrunge/tigramite,tutorials/tigramite_tutorial_prediction.ipynb,ModuleNotFoundError,ModuleNotFoundError,3.6.9,803
jasongfleischer/Predicting-age-from-the-transcriptome-of-human-dermal-fibroblasts,Export gene and transcript labelled datasets.ipynb,ImportError,ImportError,2.7.15,1485
jasongfleischer/Predicting-age-from-the-transcriptome-of-human-dermal-fibroblasts,Run a pre-trained predictor on your data.ipynb,ImportError,ImportError,2.7.15,1485
jbloomlab/EnvMutationalShiftsPaper,analysis_code/analysis_notebook.ipynb,ModuleNotFoundError,ModuleNotFoundError,3.6.4,1729
jbloomlab/HIV_Env_macaque_receptor_DMS,analysis_notebook.ipynb,ModuleNotFoundError,ModuleNotFoundError,3.6.7,826
jbloomlab/IFNsorted_flu_single_cell,pacbio_analysis.ipynb,ModuleNotFoundError,ModuleNotFoundError,3.6.5,1203
jbloomlab/IFNsorted_flu_single_cell,paper/figures/IFN_stochastic/Flow/analyze_flow.ipynb,ModuleNotFoundError,ModuleNotFoundError,3.6.5,1203
jbloomlab/IFNsorted_flu_single_cell,paper/figures/IFN_stochastic/RussellVenn/make_venn_diagram.py.ipynb,ModuleNotFoundError,ModuleNotFoundError,3.6.5,1203
jbloomlab/IFNsorted_flu_single_cell,paper/figures/Validation_Figure/analyze_flow.ipynb,ModuleNotFoundError,ModuleNotFoundError,3.6.5,1203
jbloomlab/PB2-DMS,Fig1_ProcessDMSdata.ipynb,ModuleNotFoundError,ModuleNotFoundError,3.6.5,1290
jbloomlab/PB2-DMS,Fig2_InferPreferences.ipynb,ModuleNotFoundError,ModuleNotFoundError,3.6.5,1290
jbloomlab/PB2-DMS,Fig3_IdentifyAdaptiveMutations.ipynb,ModuleNotFoundError,ModuleNotFoundError,3.6.5,1290
jbloomlab/PB2-DMS,Fig5_MapDiffSelToStructure.ipynb,ModuleNotFoundError,ModuleNotFoundError,3.6.5,1290
jbloomlab/PB2-DMS,Fig6_H7N9.ipynb,ModuleNotFoundError,ModuleNotFoundError,3.6.5,1290
jbloomlab/PB2-DMS,Fig7_Accessibility.ipynb,ModuleNotFoundError,ModuleNotFoundError,3.6.5,1290
jbloomlab/SARS-CoV-2-RBD_DMS,SRA_upload/upload_to_SRA.ipynb,ModuleNotFoundError,ModuleNotFoundError,3.7.6,92
jbloomlab/SARS-CoV-2-RBD_DMS,analyze_counts.ipynb,ModuleNotFoundError,ModuleNotFoundError,3.7.6,92
jbloomlab/SARS-CoV-2-RBD_DMS,build_variants.ipynb,ModuleNotFoundError,ModuleNotFoundError,3.7.6,92
jbloomlab/SARS-CoV-2-RBD_DMS,count_variants.ipynb,ModuleNotFoundError,ModuleNotFoundError,3.7.6,92
jbloomlab/SARS-CoV-2-RBD_DMS,global_epistasis_binding.ipynb,ModuleNotFoundError,ModuleNotFoundError,3.7.6,92
jbloomlab/SARS-CoV-2-RBD_DMS,global_epistasis_expression.ipynb,ModuleNotFoundError,ModuleNotFoundError,3.7.6,92
jbloomlab/SARS-CoV-2-RBD_DMS,interactive_heatmap.ipynb,ModuleNotFoundError,ModuleNotFoundError,3.7.6,92
jbloomlab/SARS-CoV-2-RBD_DMS,logoplots_of_muteffects.ipynb,ModuleNotFoundError,ModuleNotFoundError,3.7.6,92
jbloomlab/SARS-CoV-2-RBD_DMS,process_ccs.ipynb,ModuleNotFoundError,ModuleNotFoundError,3.6.7,92
jbloomlab/dms_tools2,examples/Dingens2018/analysis_notebook.ipynb,ModuleNotFoundError,ModuleNotFoundError,3.6.5,1595
jbloomlab/dms_tools2,examples/Lee2018/analysis_notebook.ipynb,ModuleNotFoundError,ModuleNotFoundError,3.6.5,1595
jdtibochab/sensitivityAnalysis,Untitled.ipynb,ModuleNotFoundError,ModuleNotFoundError,3.7.4,455
jhidding/adhesion-example,notebook/Interactive.ipynb,ModuleNotFoundError,ModuleNotFoundError,3.6.5rc1,1701
jni/programming-languages-in-astronomy,programming-languages-in-ADS.ipynb,ModuleNotFoundError,ModuleNotFoundError,3.6.8,2001
josephreplogle/guide_calling,mixed_model_guide_calling.ipynb,ImportError,ImportError,2.7.12,340
josephreplogle/target_enrichment,pick_targets.ipynb,ImportError,ImportError,2.7.12,341
josephreplogle/target_enrichment,process_bams.ipynb,ImportError,ImportError,2.7.12,341
jrderuiter/imfusion-analyses,notebooks/5. Sanger - Single vs. paired-end.ipynb,ImportError,ImportError,3.5.2,1941
jrderuiter/imfusion-analyses,notebooks/6. Sanger - Fusion finder.ipynb,ImportError,ImportError,3.5.2,1941
jrderuiter/imfusion-analyses,notebooks/8. SB - Transcript instability.ipynb,ImportError,ImportError,3.5.2,1941
jrderuiter/imfusion-analyses,notebooks/B. Alignment statistics.ipynb,ImportError,ImportError,3.5.2,1941
jtladner/Manuscripts,2018_Dokubo_LancetID/2018_Dokubo_LancetID_BEAST.ipynb,ImportError,ImportError,2.7.14,1207
jupyter-guide/jupyter-guide,notebooks/Rule5_Watermark.ipynb,ModuleNotFoundError,ModuleNotFoundError,3.7.3,1157
jupyter/docker-stacks,all-spark-notebook/test/data/issue_1168.ipynb,ModuleNotFoundError,ModuleNotFoundError,3.8.6,817
jupyter/docker-stacks,all-spark-notebook/test/data/local_pyspark.ipynb,ModuleNotFoundError,ModuleNotFoundError,3.7.6,817
kathrinblagec/neural-sentence-embedding-models-for-biomedical-applications,Datasets.ipynb,ModuleNotFoundError,ModuleNotFoundError,3.6.7,1333
kathrinblagec/neural-sentence-embedding-models-for-biomedical-applications,Results-overview.ipynb,ModuleNotFoundError,ModuleNotFoundError,3.6.7,1333
kharyuk/chemfin-plasp,notebooks/03_Tucker.ipynb,ImportError,ImportError,2.7.15,1521
knaegle/MutationsNotebooks,SwissProt/enrichment_muts_PTMs_SwissProt.ipynb,ImportError,ImportError,2.7.9,2082
knaegle/MutationsNotebooks,SwissProt/studyBias_SwissProt.ipynb,ImportError,ImportError,2.7.9,2082
knaegle/MutationsNotebooks,dbSNP/PTM_specific_correlations_dbSNP.ipynb,ImportError,ImportError,2.7.9,2082
knaegle/MutationsNotebooks,dbSNP/enrichment_muts_PTMs_dbSNP.ipynb,ImportError,ImportError,2.7.9,2082
knaegle/MutationsNotebooks,dbSNP/studyBias_dbSNP.ipynb,ImportError,ImportError,2.7.9,2082
knightlab-analyses/calour-manuscript,1-amphibian-larvae/readme-annotated.ipynb,ImportError,ImportError,3.5.3,1429
knightlab-analyses/calour-manuscript,3-american-gut-suppl/analysis-ag-skin.ipynb,ImportError,ImportError,3.5.3,1429
knightlab-analyses/calour-manuscript,3-skin-body-sites/co-occurance.ipynb,ImportError,ImportError,3.5.2,1429
knightlab-analyses/calour-manuscript,4-ants/readme.ipynb,ImportError,ImportError,3.5.3,1429
knightlab-analyses/dsfdr-analyses,notebooks/1. Importance of multiple comparison.ipynb,ImportError,ImportError,3.5.4,1855
knightlab-analyses/dsfdr-analyses,notebooks/3. Description of microbiome datasets.ipynb,ImportError,ImportError,3.5.4,1855
knightlab-analyses/dsfdr-analyses,notebooks/4. Application to filtering.ipynb,ImportError,ImportError,3.5.4,1855
knightlab-analyses/dsfdr-analyses,notebooks/5. Application in subsampling.ipynb,ImportError,ImportError,3.5.4,1855
knightlab-analyses/familial-cirrhosis,Composition_correlation_analysis.ipynb,ImportError,ImportError,3.5.5,1356
knightlab-analyses/familial-cirrhosis,Phylogenetic-distance-analysis.ipynb,ImportError,ImportError,3.5.5,1356
knightlab-analyses/familial-cirrhosis,RandomForest_Advanced_Fibrosis_classification.ipynb,ImportError,ImportError,3.5.5,1356
knightlab-analyses/familial-cirrhosis,RandomForest_Advanced_Fibrosis_classification_old.ipynb,ImportError,ImportError,3.5.5,1356
knightlab-analyses/haddad_osa,2a. DS_FDR_allFeatures.ipynb,ImportError,ImportError,3.5.4,1289
knightlab-analyses/haddad_osa,2b. DS_FDR_deblur.ipynb,ImportError,ImportError,3.5.4,1289
knightlab-analyses/longitudinal-ibd,notebooks/02.1-alpha-diversity.ipynb,ImportError,ImportError,2.7.12,1866
knightlab-analyses/longitudinal-ibd,notebooks/03.2-beta-diversity-distributions.ipynb,ImportError,ImportError,2.7.12,1866
knightlab-analyses/longitudinal-ibd,notebooks/03.3-beta-diversity-regressions.ipynb,ImportError,ImportError,2.7.12,1866
knightlab-analyses/longitudinal-ibd,notebooks/04.1-classification.ipynb,ImportError,ImportError,3.5.2,1866
knightlab-analyses/longitudinal-ibd,notebooks/04.2-classification-jansson.ipynb,ImportError,ImportError,3.5.2,1866
knightlab-analyses/qiita-paper,healthy_plane_calculations.ipynb,ImportError,ImportError,3.5.2,1567
knightlab-analyses/qurro-mackerel-analysis,SampleDropoutAnalysis.ipynb,ModuleNotFoundError,ModuleNotFoundError,3.6.7,477
knightlab-analyses/reference-frames,ipynb/Figure1.ipynb,ImportError,ImportError,3.5.6,1226
knightlab-analyses/reference-frames,ipynb/Figure2.ipynb,ModuleNotFoundError,ModuleNotFoundError,3.6.7,1226
knightlab-analyses/reference-frames,ipynb/Figure3.ipynb,ModuleNotFoundError,ModuleNotFoundError,3.6.7,1226
knightlab-analyses/reference-frames,ipynb/Figure4.ipynb,ModuleNotFoundError,ModuleNotFoundError,3.6.5,1226
knightlab-analyses/reference-frames,ipynb/simulation-benchmark.ipynb,ModuleNotFoundError,ModuleNotFoundError,3.6.5,1226
kuzminkg/CoVs-S-pr,CoVs-S-pr.ipynb,ModuleNotFoundError,ModuleNotFoundError,3.7.4,285
labsyspharm/MCF10A_DR_reproducibility,notebooks/Figure_5_standard_error.ipynb,ModuleNotFoundError,ModuleNotFoundError,3.6.5,1177
labsyspharm/MCF10A_DR_reproducibility,notebooks/Sigmoidal_and_biphasic_fits_for_dose_response_assays.ipynb,ModuleNotFoundError,ModuleNotFoundError,3.6.5,1177
lauringlab/Host_level_IAV_evolution,results/Investigating mixed infections.ipynb,ImportError,ImportError,2.7.14,1019
lauringlab/Host_level_IAV_evolution,results/antigenic_analysis.ipynb,ImportError,ImportError,3.5.1,1019
lich-uct/fip,docs/notebooks/fip_basic_usage.ipynb,ModuleNotFoundError,ModuleNotFoundError,3.6.10,136
liel-cohen/CytoMod,cytomod_notebook.ipynb,ModuleNotFoundError,ModuleNotFoundError,3.7.1,1233
lisa55asil/KatharoSeq_ipynb,KatharoSeq_ipynb_template_ASV.ipynb,ModuleNotFoundError,ModuleNotFoundError,3.6.11,214
llniu/YPIC_Challenge_2019,YPIC_fun_final_upload.ipynb,ModuleNotFoundError,ModuleNotFoundError,3.6.3,1148
lozuponelab/Source_of_Fecal_and_Oral_Bacteria_on_Hands,spikein_analysis/analyze_spikeins.ipynb,ImportError,ImportError,2.7.12,1791
ma-blaetke/CBM_C3_C4_Metabolism,notebooks/2019-05-06-mb-genC3-CO2-Effect.ipynb,ImportError,ImportError,2.7.6,935
ma-blaetke/CBM_C3_C4_Metabolism,notebooks/2019-05-06-mb-genC3-Light-Effect.ipynb,ImportError,ImportError,2.7.6,935
ma-blaetke/CBM_C3_C4_Metabolism,notebooks/2019-05-06-mb-genC3.ipynb,ImportError,ImportError,2.7.6,935
ma-blaetke/CBM_C3_C4_Metabolism,notebooks/2019-05-06-mb-genC4-C4-mode.ipynb,ImportError,ImportError,2.7.6,935
ma-blaetke/CBM_C3_C4_Metabolism,notebooks/2019-05-06-mb-genC4-CO2-Limitation.ipynb,ImportError,ImportError,2.7.6,935
ma-blaetke/CBM_C3_C4_Metabolism,notebooks/2019-05-06-mb-genC4-Decarb-Oxy-Ratio-Effect.ipynb,ImportError,ImportError,2.7.6,935
ma-blaetke/CBM_C3_C4_Metabolism,notebooks/2019-05-06-mb-genC4-H2O-Limitation.ipynb,ImportError,ImportError,2.7.6,935
ma-blaetke/CBM_C3_C4_Metabolism,notebooks/2019-05-06-mb-genC4-Light-Effect.ipynb,ImportError,ImportError,2.7.6,935
ma-blaetke/CBM_C3_C4_Metabolism,notebooks/2019-05-06-mb-genC4-Mal_Asp-Ratio-Effect.ipynb,ImportError,ImportError,2.7.6,935
ma-blaetke/CBM_C3_C4_Metabolism,notebooks/2019-05-06-mb-genC4-N-Limitation-Effect.ipynb,ImportError,ImportError,2.7.6,935
madeleineernst/pyMolNetEnhancer,Example_notebooks/ChemicalClasses_2_Network_FeatureBased_withoutMolconvert.ipynb,ModuleNotFoundError,ModuleNotFoundError,3.7.3,1166
madeleineernst/pyMolNetEnhancer,Example_notebooks/Mass2Motifs_2_Network_Classical.ipynb,ModuleNotFoundError,ModuleNotFoundError,3.6.5,1166
madeleineernst/pyMolNetEnhancer,Example_notebooks/Mass2Motifs_2_Network_FeatureBased.ipynb,ModuleNotFoundError,ModuleNotFoundError,3.6.5,1166
marcotcr/lime,doc/notebooks/Latin Hypercube Sampling.ipynb,ModuleNotFoundError,ModuleNotFoundError,3.7.3,831
marcotcr/lime,doc/notebooks/Submodular Pick examples.ipynb,ModuleNotFoundError,ModuleNotFoundError,3.6.7,831
marcotcr/lime,doc/notebooks/Tutorial - images - Pytorch.ipynb,ModuleNotFoundError,ModuleNotFoundError,3.6.5,831
marcottelab/Gene-Ages,Notebooks/nodeStats_plotting.ipynb,ImportError,ImportError,2.7.3,2052
martibosch/pylandstats-notebooks,notebooks/00-overview.ipynb,ModuleNotFoundError,ModuleNotFoundError,3.8.6,932
martibosch/pylandstats-notebooks,notebooks/01-landscape-analysis.ipynb,ModuleNotFoundError,ModuleNotFoundError,3.8.6,932
martibosch/pylandstats-notebooks,notebooks/02-spatiotemporal-analysis.ipynb,ModuleNotFoundError,ModuleNotFoundError,3.8.6,932
martibosch/pylandstats-notebooks,notebooks/03-zonal-analysis.ipynb,ModuleNotFoundError,ModuleNotFoundError,3.8.6,932
martibosch/pylandstats-notebooks,notebooks/04-spatiotemporal-buffer-analysis.ipynb,ModuleNotFoundError,ModuleNotFoundError,3.8.6,932
martibosch/pylandstats-notebooks,notebooks/A01-fragstats-metrics-comparison.ipynb,ModuleNotFoundError,ModuleNotFoundError,3.6.7,932
martibosch/pylandstats-notebooks,notebooks/A02-performance-notes.ipynb,ModuleNotFoundError,ModuleNotFoundError,3.7.3,932
martibosch/swiss-urbanization,notebooks/area_radius_scaling.ipynb,ModuleNotFoundError,ModuleNotFoundError,3.7.3,934
martibosch/swiss-urbanization,notebooks/growth_modes.ipynb,ModuleNotFoundError,ModuleNotFoundError,3.7.3,934
martibosch/swiss-urbanization,notebooks/landscape_plots.ipynb,ModuleNotFoundError,ModuleNotFoundError,3.7.3,934
martibosch/swiss-urbanization,notebooks/population_change.ipynb,ModuleNotFoundError,ModuleNotFoundError,3.7.3,934
martibosch/swiss-urbanization,notebooks/sensitivity_extent.ipynb,ModuleNotFoundError,ModuleNotFoundError,3.7.3,934
martibosch/swiss-urbanization,notebooks/size_frequency_distribution.ipynb,ModuleNotFoundError,ModuleNotFoundError,3.7.3,934
matterport/Mask_RCNN,samples/coco/inspect_model.ipynb,ModuleNotFoundError,ModuleNotFoundError,3.6.2,775
matterport/Mask_RCNN,samples/coco/inspect_weights.ipynb,ModuleNotFoundError,ModuleNotFoundError,3.6.2,775
maubreville/MITOS_WSI_CCMCT,2nd_stage/CellClassification-HEAEL.ipynb,ModuleNotFoundError,ModuleNotFoundError,3.6.7,965
maubreville/MITOS_WSI_CCMCT,2nd_stage/CellClassification-MEL.ipynb,ModuleNotFoundError,ModuleNotFoundError,3.6.7,965
maubreville/MITOS_WSI_CCMCT,2nd_stage/CellClassification-ODAEL.ipynb,ModuleNotFoundError,ModuleNotFoundError,3.6.7,965
maubreville/MITOS_WSI_CCMCT,AblationStudy/2nd_stage/CellClassification-ODAEL-12WSI.ipynb,ModuleNotFoundError,ModuleNotFoundError,3.6.7,965
maubreville/MITOS_WSI_CCMCT,AblationStudy/2nd_stage/CellClassification-ODAEL-3WSI.ipynb,ModuleNotFoundError,ModuleNotFoundError,3.6.7,965
maubreville/MITOS_WSI_CCMCT,AblationStudy/2nd_stage/CellClassification-ODAEL-50HPF.ipynb,ModuleNotFoundError,ModuleNotFoundError,3.6.7,965
maubreville/MITOS_WSI_CCMCT,AblationStudy/2nd_stage/CellClassification-ODAEL-5HPF.ipynb,ModuleNotFoundError,ModuleNotFoundError,3.6.7,965
maubreville/MITOS_WSI_CCMCT,AblationStudy/2nd_stage/CellClassification-ODAEL-6WSI.ipynb,ModuleNotFoundError,ModuleNotFoundError,3.6.7,965
maubreville/MITOS_WSI_CCMCT,AblationStudy/RetinaNet-CCMCT-ODAEL-10HPF.ipynb,ModuleNotFoundError,ModuleNotFoundError,3.6.7,965
maubreville/MITOS_WSI_CCMCT,AblationStudy/RetinaNet-CCMCT-ODAEL-50HPF.ipynb,ModuleNotFoundError,ModuleNotFoundError,3.6.9,965
maubreville/MITOS_WSI_CCMCT,AblationStudy/RetinaNet-CCMCT-ODAEL-5HPF.ipynb,ModuleNotFoundError,ModuleNotFoundError,3.6.7,965
maubreville/MITOS_WSI_CCMCT,AblationStudy/RetinaNet-CCMCT-ODAEL_12WSI.ipynb,ModuleNotFoundError,ModuleNotFoundError,3.6.7,965
maubreville/MITOS_WSI_CCMCT,AblationStudy/RetinaNet-CCMCT-ODAEL_6WSI.ipynb,ModuleNotFoundError,ModuleNotFoundError,3.6.7,965
maubreville/MITOS_WSI_CCMCT,AblationStudy_Evaluation.ipynb,ModuleNotFoundError,ModuleNotFoundError,3.6.7,965
maubreville/MITOS_WSI_CCMCT,Evaluation.ipynb,ModuleNotFoundError,ModuleNotFoundError,3.6.7,965
maubreville/MITOS_WSI_CCMCT,RetinaNet-CCMCT-HEAEL.ipynb,ModuleNotFoundError,ModuleNotFoundError,3.6.7,965
maubreville/MITOS_WSI_CCMCT,RetinaNet-CCMCT-MEL.ipynb,ModuleNotFoundError,ModuleNotFoundError,3.6.7,965
maubreville/MITOS_WSI_CCMCT,RetinaNet-CCMCT-ODAEL.ipynb,ModuleNotFoundError,ModuleNotFoundError,3.6.7,965
maubreville/MITOS_WSI_CCMCT,databases/databaseStatistics.ipynb,ModuleNotFoundError,ModuleNotFoundError,3.6.7,965
mbdoud/mutational_antigenic_profiling,SequencingAnalysisAndFigures.ipynb,ImportError,ImportError,2.7.6,1969
mbdoud/mutational_antigenic_profiling,SequencingStats.ipynb,ImportError,ImportError,2.7.2,1969
mboareto/InterplayNotchID_neurogenesis,InterplayNotch_IDs_modelling.ipynb,ImportError,ImportError,2.7.12,1890
miguelperezenciso/DLpipeline,PDL.ipynb,ModuleNotFoundError,ModuleNotFoundError,3.7.3,1159
miladmozafari/SpykeTorch,tutorial.ipynb,ModuleNotFoundError,ModuleNotFoundError,3.7.3,975
mklokocka/seminator,notebooks/Complement.ipynb,ModuleNotFoundError,ModuleNotFoundError,3.7.6,700
mklokocka/seminator,notebooks/Cut-edges.ipynb,ModuleNotFoundError,ModuleNotFoundError,3.7.5,700
mklokocka/seminator,notebooks/Example.ipynb,ModuleNotFoundError,ModuleNotFoundError,3.7.6,700
mklokocka/seminator,notebooks/LevelSkipping.ipynb,ModuleNotFoundError,ModuleNotFoundError,3.7.6,700
mklokocka/seminator,notebooks/bSCC.ipynb,ModuleNotFoundError,ModuleNotFoundError,3.7.5,700
mmagnus/rna-tools,rna_tools/tools/PyMOL4RNA/Spliceosome_PyMOL-2020.ipynb,ImportError,ImportError,3.7.4,791
mmoradik/GRN,main_GRN.ipynb,ImportError,ImportError,3.5.2,1920
modsim/mycelyso,examples/Example_Alternative_Growth_Fit.ipynb,ModuleNotFoundError,ModuleNotFoundError,3.6.6,1097
molgor/biospytial,examples/Basic Raster Tools in Biospytial.ipynb,ImportError,ImportError,2.7.15,761
molgor/biospytial,examples/[Official Demo]Co-ocurrences_Jaguar.ipynb,ImportError,ImportError,2.7.15,761
molgor/biospytial,raster_api/examples/Basic Raster Tools in Biospytial.ipynb,ImportError,ImportError,2.7.11,761
molpopgen/TennessenEAonly,Stats.ipynb,ImportError,ImportError,2.7.10,1984
mossmatters/Angiosperms353,Angiosperms353_ManuscriptFigures.ipynb,ModuleNotFoundError,ModuleNotFoundError,3.6.3,1507
mtinti/wor_turnover,1_Analysis_BSF.ipynb,ModuleNotFoundError,ModuleNotFoundError,3.6.8,1016
mtinti/wor_turnover,3_Curve_Fit.ipynb,ModuleNotFoundError,ModuleNotFoundError,3.6.8,1016
mtinti/wor_turnover,Figure_Paper_def.ipynb,ModuleNotFoundError,ModuleNotFoundError,3.6.8,1016
muntisa/muntisa.github.io,COAD-DRD/scripts/full_pivotTable.ipynb,ModuleNotFoundError,ModuleNotFoundError,3.7.6,708
muntisa/muntisa.github.io,COAD-DRD/scripts/home_3DStructures.ipynb,ModuleNotFoundError,ModuleNotFoundError,3.7.6,708
muntisa/muntisa.github.io,Docking-SARS-CoV-2/scripts/Plotpy.ipynb,ModuleNotFoundError,ModuleNotFoundError,3.7.6,708
nateraluis/bicycle-network-growth,01_Multiplex.ipynb,ModuleNotFoundError,ModuleNotFoundError,3.7.3,54
nateraluis/bicycle-network-growth,02_BicycleAlgorithms.ipynb,ModuleNotFoundError,ModuleNotFoundError,3.7.3,54
nateraluis/bicycle-network-growth,03_Plots.ipynb,ModuleNotFoundError,ModuleNotFoundError,3.7.3,54
nerdslab/xray-thc,analysis_notebooks/Prasad20_analyses.ipynb,ModuleNotFoundError,ModuleNotFoundError,3.7.4,597
neyrinck/sectional-tess,sec_voronoi_spiderweb_origami.ipynb,ImportError,ImportError,2.7.13,1702
ngimber/NearestNeighborWorkflow_Filopodia,NearestNeighborWorkflow_Filopodia.ipynb,ImportError,ImportError,3.5.6,976
ocsicnarf/vaccine-trial-planning,notebooks/fitting-diagnostics-figures.ipynb,ImportError,ImportError,2.7.11,1571
ocsicnarf/vaccine-trial-planning,notebooks/multisetting-figures.ipynb,ImportError,ImportError,2.7.11,1571
ocsicnarf/vaccine-trial-planning,notebooks/sensitivity-analyses.ipynb,ImportError,ImportError,2.7.11,1571
ocsicnarf/vaccine-trial-planning,notebooks/single-setting-figures.ipynb,ImportError,ImportError,2.7.11,1571
opencobra/m_model_collection,exact_solving_models.ipynb,ImportError,ImportError,2.7.6,2076
opencobra/m_model_collection,failed_models.ipynb,ImportError,ImportError,2.7.6,2076
opencobra/m_model_collection,load_models.ipynb,ImportError,ImportError,2.7.6,2076
opencobra/m_model_collection,loopless_m_models.ipynb,ImportError,ImportError,2.7.6,2076
openssbd/BD5_samples,BD5write_circle.ipynb,ModuleNotFoundError,ModuleNotFoundError,3.7.3,303
openssbd/BD5_samples,BD5write_line.ipynb,ModuleNotFoundError,ModuleNotFoundError,3.8.3,303
openssbd/BD5_samples,BD5write_point.ipynb,ModuleNotFoundError,ModuleNotFoundError,3.8.3,303
openssbd/BD5_samples,BD5write_timeseries_point.ipynb,ModuleNotFoundError,ModuleNotFoundError,3.6.9,303
owatson/QuantileBootstrap,Appendix.ipynb,ImportError,ImportError,2.7.15,1277
owatson/QuantileBootstrap,Biometrika_Review.ipynb,ImportError,ImportError,2.7.14,1277
owatson/QuantileBootstrap,QuantileBootstrap.ipynb,ImportError,ImportError,2.7.14,1277
owatson/QuantileBootstrap,earlier_versions/Paper2.ipynb,ImportError,ImportError,2.7.14,1277
pachterlab/GSP_2019,CITE.ipynb,ModuleNotFoundError,ModuleNotFoundError,3.6.6,833
pachterlab/GSP_2019,ECCITE CTCL.ipynb,ModuleNotFoundError,ModuleNotFoundError,3.6.6,833
pachterlab/GSP_2019,ECCITE ctrl.ipynb,ModuleNotFoundError,ModuleNotFoundError,3.6.6,833
pachterlab/GSP_2019,REAP.ipynb,ModuleNotFoundError,ModuleNotFoundError,3.6.6,833
pachterlab/SGYP_2019,1.a Linear scvi timing on Cao et al.ipynb,ModuleNotFoundError,ModuleNotFoundError,3.7.4,426
pachterlab/SGYP_2019,4.a Pijuan-Sala et al result figures.ipynb,ModuleNotFoundError,ModuleNotFoundError,3.7.4,426
pachterlab/SGYP_2019,4.b Pijuan-Sala et al result figures nonnegative.ipynb,ModuleNotFoundError,ModuleNotFoundError,3.7.4,426
pachterlab/SGYP_2019,4.c Cao et al result figures.ipynb,ModuleNotFoundError,ModuleNotFoundError,3.7.4,426
pachterlab/SGYP_2019,5.a Pijuan-Sala et al convergence results.ipynb,ModuleNotFoundError,ModuleNotFoundError,3.7.4,426
pachterlab/SGYP_2019,5.b Cao et al convergence results.ipynb,ModuleNotFoundError,ModuleNotFoundError,3.7.4,426
pachterlab/SGYP_2019,6. Z covariance.ipynb,ModuleNotFoundError,ModuleNotFoundError,3.7.4,426
pathwayforte/results,notebooks/curation/wikipathways_new_mappings.ipynb,ModuleNotFoundError,ModuleNotFoundError,3.6.2,949
pathwayforte/results,notebooks/evaluation/Comparisons of P-Value Distributions of Pathway Analogs.ipynb,ModuleNotFoundError,ModuleNotFoundError,3.7.3,949
pathwayforte/results,notebooks/evaluation/analogues_comparison/gsea_analogues.ipynb,ModuleNotFoundError,ModuleNotFoundError,3.6.5,949
pathwayforte/results,notebooks/evaluation/analogues_comparison/ora_analogues.ipynb,ModuleNotFoundError,ModuleNotFoundError,3.6.2,949
pathwayforte/results,notebooks/evaluation/analogues_comparison/spia_analogues.ipynb,ModuleNotFoundError,ModuleNotFoundError,3.6.2,949
pathwayforte/results,notebooks/evaluation/full_database/gsea_results.ipynb,ModuleNotFoundError,ModuleNotFoundError,3.6.5,949
pathwayforte/results,notebooks/evaluation/full_database/ora_results.ipynb,ModuleNotFoundError,ModuleNotFoundError,3.6.5,949
pathwayforte/results,notebooks/evaluation/full_database/spia_results.ipynb,ModuleNotFoundError,ModuleNotFoundError,3.6.5,949
pathwayforte/results,notebooks/others/database_occurrence.ipynb,ModuleNotFoundError,ModuleNotFoundError,3.6.5,949
pathwayforte/results,notebooks/others/enrichment/py_deseq2.ipynb,ModuleNotFoundError,ModuleNotFoundError,3.6.5,949
pathwayforte/results,notebooks/others/prediction/subtype/brca_model_roc.ipynb,ModuleNotFoundError,ModuleNotFoundError,3.6.5,949
pathwayforte/results,notebooks/others/prediction/subtype/model_roc.ipynb,ModuleNotFoundError,ModuleNotFoundError,3.6.5,949
pathwayforte/results,notebooks/others/prediction/survival/extract_survival_times.ipynb,ModuleNotFoundError,ModuleNotFoundError,3.6.5,949
peterwittek/ipython-notebooks,Comparing_DMRG_ED_and_SDP.ipynb,ImportError,ImportError,2.7.10,2003
peterwittek/ipython-notebooks,Optimal randomness generation from entangled quantum states.ipynb,ModuleNotFoundError,ModuleNotFoundError,3.6.1,2003
peterwittek/ipython-notebooks,Parameteric and Bilevel Polynomial Optimization Problems.ipynb,ImportError,ImportError,3.5.1,2003
peterwittek/ipython-notebooks,Unbounded_randomness.ipynb,ModuleNotFoundError,ModuleNotFoundError,3.6.1,2003
pgcorpus/gutenberg-analysis,notebooks_manuscript/Figure_BasicStats-combined.ipynb,ModuleNotFoundError,ModuleNotFoundError,3.6.6,580
pgcorpus/gutenberg-analysis,notebooks_manuscript/Figure_BasicStats-language.ipynb,ModuleNotFoundError,ModuleNotFoundError,3.6.6,580
pgcorpus/gutenberg-analysis,notebooks_manuscript/Figure_BasicStats-language_books-tokens.ipynb,ModuleNotFoundError,ModuleNotFoundError,3.6.6,580
pgcorpus/gutenberg-analysis,notebooks_manuscript/Figure_BasicStats-textlength.ipynb,ModuleNotFoundError,ModuleNotFoundError,3.6.6,580
pgcorpus/gutenberg-analysis,notebooks_manuscript/Figure_BasicStats-time.ipynb,ModuleNotFoundError,ModuleNotFoundError,3.6.6,580
pgcorpus/gutenberg-analysis,notebooks_manuscript/Figure_Divergence_Time.ipynb,ModuleNotFoundError,ModuleNotFoundError,3.6.6,580
pgcorpus/gutenberg-analysis,notebooks_manuscript/Figure_Divergence_authors_boxplots.ipynb,ModuleNotFoundError,ModuleNotFoundError,3.6.6,580
pgcorpus/gutenberg-analysis,notebooks_manuscript/Figure_LowDimProjection_Clusters.ipynb,ModuleNotFoundError,ModuleNotFoundError,3.6.6,580
pgcorpus/gutenberg-analysis,notebooks_manuscript/old/18-03-24_test-divergence-relative-path.ipynb,ModuleNotFoundError,ModuleNotFoundError,3.6.1,580
pgcorpus/gutenberg-analysis,notebooks_manuscript/old/18-04-01_divergence_subjects_boxplots.ipynb,ModuleNotFoundError,ModuleNotFoundError,3.6.4,580
pgcorpus/gutenberg-analysis,notebooks_manuscript/old/18-04-01_divergence_time_boxplots.ipynb,ModuleNotFoundError,ModuleNotFoundError,3.6.1,580
pgcorpus/gutenberg-analysis,notebooks_manuscript/old/18-04-02_UMAP_projection_tests.ipynb,ModuleNotFoundError,ModuleNotFoundError,3.6.3,580
pgcorpus/gutenberg-analysis,notebooks_manuscript/old/18-04-10_divergence_authors_boxplots.ipynb,ModuleNotFoundError,ModuleNotFoundError,3.6.1,580
pgcorpus/gutenberg-analysis,notebooks_manuscript/old/18-04-19_divergence_subjects_boxplots-vs-textsize.ipynb,ModuleNotFoundError,ModuleNotFoundError,3.6.1,580
pgcorpus/gutenberg-analysis,notebooks_manuscript/old/18-04-23_divergence_authors_within-across_boxplots.ipynb,ModuleNotFoundError,ModuleNotFoundError,3.6.3,580
pgcorpus/gutenberg-analysis,notebooks_manuscript/old/18-04-23_divergence_subjects-within-across_boxplots.ipynb,ModuleNotFoundError,ModuleNotFoundError,3.6.3,580
pgcorpus/gutenberg-analysis,notebooks_manuscript/old/18-04-23_divergence_textlength.ipynb,ModuleNotFoundError,ModuleNotFoundError,3.6.3,580
pgcorpus/gutenberg-analysis,notebooks_manuscript/old/18-04-25_UMAP_Bookshelves.ipynb,ModuleNotFoundError,ModuleNotFoundError,3.6.4,580
pgcorpus/gutenberg-analysis,notebooks_manuscript/old/18-05-16_Fast_UMAP.ipynb,ModuleNotFoundError,ModuleNotFoundError,3.6.4,580
pgcorpus/gutenberg-analysis,notebooks_manuscript/old/18-05-16_UMAP_Length.ipynb,ModuleNotFoundError,ModuleNotFoundError,3.6.4,580
pgcorpus/gutenberg-analysis,notebooks_manuscript/old/2018-10-30_testing-bookshelves-language.ipynb,ModuleNotFoundError,ModuleNotFoundError,3.6.6,580
pgcorpus/gutenberg-analysis,notebooks_manuscript/old/DivergenceBookshelves.ipynb,ModuleNotFoundError,ModuleNotFoundError,3.6.4,580
phyy-nx/dials_refinement_brewster2018,notebooks/Figure1.ipynb,ImportError,ImportError,2.7.14,1588
phyy-nx/dials_refinement_brewster2018,notebooks/Figure2.ipynb,ImportError,ImportError,2.7.15,1588
phyy-nx/dials_refinement_brewster2018,notebooks/Figure5.ipynb,ImportError,ImportError,2.7.15,1588
phyy-nx/dials_refinement_brewster2018,notebooks/Figure6.ipynb,ImportError,ImportError,2.7.15,1588
poppy-project/pypot,samples/notebooks/Another language.ipynb,ImportError,ImportError,3.7.3,1130
portugueslab/example_stytra_analysis,Fig 4. Example bouts.ipynb,ModuleNotFoundError,ModuleNotFoundError,3.6.5,1341
portugueslab/example_stytra_analysis,Fig 6. Imaging analysis interactive.ipynb,ModuleNotFoundError,ModuleNotFoundError,3.6.3,1341
portugueslab/example_stytra_analysis,Fig 6. Imaging analysis.ipynb,ModuleNotFoundError,ModuleNotFoundError,3.6.3,1341
portugueslab/example_stytra_analysis,Fig 9. Phototaxis analysis.ipynb,ModuleNotFoundError,ModuleNotFoundError,3.6.5,1341
pstjohn/bde_model_methods,20190909_figure4/drug_roc.ipynb,ModuleNotFoundError,ModuleNotFoundError,3.6.7,467
pstjohn/bde_model_methods,preprocess_inputs.ipynb,ModuleNotFoundError,ModuleNotFoundError,3.7.3,467
pstjohn/bde_model_methods,run_drug.ipynb,ModuleNotFoundError,ModuleNotFoundError,3.7.3,467
pstjohn/bde_model_methods,run_ibond.ipynb,ModuleNotFoundError,ModuleNotFoundError,3.7.3,467
pstjohn/bde_model_methods,run_internal_test.ipynb,ModuleNotFoundError,ModuleNotFoundError,3.6.8,467
pyBRAvo/pyBRAvo,drugbank-usecase/Notebook/Drugs having a putative effect on a given metabolism.ipynb,ModuleNotFoundError,ModuleNotFoundError,3.6.7,37
pyBRAvo/pyBRAvo,drugbank-usecase/old/DrugBank-UseCase.ipynb,ModuleNotFoundError,ModuleNotFoundError,3.6.7,37
pyBRAvo/pyBRAvo,pypath-evaluation/pypath-sign-up.ipynb,ModuleNotFoundError,ModuleNotFoundError,3.7.6,37
pyBRAvo/pyBRAvo,regulation-demo/BRAvo-regulation-demo-PC12-Fast.ipynb,ModuleNotFoundError,ModuleNotFoundError,3.7.6,37
pyBRAvo/pyBRAvo,regulation-demo/BRAvo-regulation-demo-PC12.ipynb,ModuleNotFoundError,ModuleNotFoundError,3.7.6,37
pyBRAvo/pyBRAvo,src/BRAvo-python-API-tutorial.ipynb,ModuleNotFoundError,ModuleNotFoundError,3.7.3,37
pycroscopy/AICrystallographer,SymmetryNet/BravaisClassification.ipynb,ImportError,ImportError,3.5.3,1039
pyrates-neuroscience/PyRates,documentation/cluster_compute/GA_presentation.ipynb,ImportError,ImportError,3.6.9,911
python-visualization/folium,examples/GeoJSONMarker.ipynb,ModuleNotFoundError,ModuleNotFoundError,3.7.2,1540
pythoninchemistry/sim_and_scat,content/practicalities/calculating_distances.ipynb,ModuleNotFoundError,ModuleNotFoundError,3.7.1,1286
pythoninchemistry/sim_and_scat,content/practicalities/real_simulation.ipynb,ModuleNotFoundError,ModuleNotFoundError,3.7.1,1286
pythoninchemistry/sim_and_scat,run_local/05_bonds.ipynb,ModuleNotFoundError,ModuleNotFoundError,3.7.1,1286
pythoninchemistry/sim_and_scat,run_local/25_calculating_distances.ipynb,ModuleNotFoundError,ModuleNotFoundError,3.7.1,1286
raghakot/keras-vis,applications/self_driving/visualize_attention.ipynb,ImportError,ImportError,3.6.8,479
rasilab/ferrin_elife_2017,scripts/fit_simulation_to_experiment.ipynb,ImportError,ImportError,2.7.6,1946
rasilab/ferrin_elife_2017,scripts/plot_simulation_results_figs_3_to_7.ipynb,ImportError,ImportError,2.7.6,1946
ray306/EasyEEG,tests/test.ipynb,ModuleNotFoundError,ModuleNotFoundError,3.6.4,1609
rcurrie/pancan-gtex,evaluate.ipynb,ImportError,ImportError,3.5.2,1028
rcurrie/pancan-gtex,train.ipynb,ImportError,ImportError,3.5.2,1028
rdgao/field-echos,notebooks/0_analysis_collectDF.ipynb,ModuleNotFoundError,ModuleNotFoundError,3.7.6,161
rdgao/field-echos,notebooks/1_sim_method_schematic.ipynb,ModuleNotFoundError,ModuleNotFoundError,3.7.6,161
rdgao/field-echos,notebooks/2_viz_NeuroTycho-SU.ipynb,ModuleNotFoundError,ModuleNotFoundError,3.7.6,161
rdgao/field-echos,notebooks/4a_viz_human_aging.ipynb,ModuleNotFoundError,ModuleNotFoundError,3.7.6,161
rdgao/field-echos,notebooks/archived/0_NeuroTychoPipe.ipynb,ModuleNotFoundError,ModuleNotFoundError,3.6.3,161
rdgao/field-echos,notebooks/archived/analysis_Johnson_ECoG.ipynb,ModuleNotFoundError,ModuleNotFoundError,3.6.9,161
rdgao/field-echos,notebooks/archived/analyze_MNI_rest.ipynb,ModuleNotFoundError,ModuleNotFoundError,3.6.3,161
rdgao/field-echos,notebooks/archived/analyze_NeuroTycho.ipynb,ModuleNotFoundError,ModuleNotFoundError,3.6.3,161
rdgao/field-echos,notebooks/archived/analyze_fcx1.ipynb,ModuleNotFoundError,ModuleNotFoundError,3.6.3,161
rdgao/field-echos,notebooks/archived/bv_timescale_analysis.ipynb,ModuleNotFoundError,ModuleNotFoundError,3.6.9,161
rdgao/field-echos,notebooks/supp_sim_LFP-SU.ipynb,ModuleNotFoundError,ModuleNotFoundError,3.7.6,161
rdgao/field-echos,notebooks/supp_sim_timescalefree.ipynb,ModuleNotFoundError,ModuleNotFoundError,3.6.9,161
rdkit/UGM_2016,Notebooks/Brief Introduction.ipynb,ImportError,ImportError,3.5.2,1344
rdkit/UGM_2016,Notebooks/Pahl_NotebookTools_Tutorial.ipynb,ImportError,ImportError,3.5.2,1344
rdkit/UGM_2016,Notebooks/State of the toolkit.distrib.ipynb,ImportError,ImportError,3.5.1,1344
rdkit/UGM_2016,Notebooks/Stiefl_RDKitPh4FullPublication.ipynb,ImportError,ImportError,2.7.11,1344
rdkit/UGM_2016,Presentations/Ruedisser_SelectivityProteases_talk.ipynb,ImportError,ImportError,2.7.10,1344
rdkit/rdkit-tutorials,notebooks/001_ReadingMolecules1.ipynb,ImportError,ImportError,3.5.1,867
rdkit/rdkit-tutorials,notebooks/002_SMARTS_SubstructureMatching.ipynb,ImportError,ImportError,3.5.1,867
rdkit/rdkit-tutorials,notebooks/003_SMARTS_ReactionsExamples.ipynb,ImportError,ImportError,3.5.1,867
rdkit/rdkit-tutorials,notebooks/004_RDKit_pandas_support.ipynb,ImportError,ImportError,3.5.1,867
rdkit/rdkit-tutorials,notebooks/005_Chemical_space_analysis_and_visualization.ipynb,ImportError,ImportError,3.5.1,867
rdkit/rdkit-tutorials,notebooks/999_Test1.ipynb,ImportError,ImportError,3.5.1,867
rentzi/netRewireAnalyze,networkInitializationRewiringVisualization.ipynb,ModuleNotFoundError,ModuleNotFoundError,3.6.1,508
rentzi/netRewireAnalyze,networkMetrics.ipynb,ModuleNotFoundError,ModuleNotFoundError,3.6.1,508
reynoldsk/pySCA,SCA_DHFR.ipynb,ImportError,ImportError,2.7.10,2053
reynoldsk/pySCA,SCA_G.ipynb,ImportError,ImportError,2.7.10,2053
reynoldsk/pySCA,SCA_S1A.ipynb,ImportError,ImportError,2.7.10,2053
reynoldsk/pySCA,SCA_betalactamase.ipynb,ImportError,ImportError,2.7.10,2053
rheiland/tool4nanobio,tool4nanobio-bkup.ipynb,ModuleNotFoundError,ModuleNotFoundError,3.6.5,1199
rheiland/tool4nanobio,tool4nanobio.ipynb,ModuleNotFoundError,ModuleNotFoundError,3.6.5,1199
rpgroup-pboc/mscl_survival,_site/code/analysis/bulk_vs_single_cell.ipynb,ModuleNotFoundError,ModuleNotFoundError,3.6.5,1525
rpgroup-pboc/mscl_survival,_site/code/analysis/logistic_regression_sensitivity_analysis.ipynb,ModuleNotFoundError,ModuleNotFoundError,3.6.5,1525
rpgroup-pboc/mscl_survival,_site/code/notebooks/appendix_A_image_processing.ipynb,ModuleNotFoundError,ModuleNotFoundError,3.6.4,1525
rpgroup-pboc/mscl_survival,_site/code/notebooks/appendix_B_logistic_regression.ipynb,ModuleNotFoundError,ModuleNotFoundError,3.6.4,1525
rpgroup-pboc/mscl_survival,_site/code/notebooks/modified_logistic_regression.ipynb,ModuleNotFoundError,ModuleNotFoundError,3.6.4,1525
rpgroup-pboc/mscl_survival,code/notebooks/appendix_A_image_processing.ipynb,ModuleNotFoundError,ModuleNotFoundError,3.6.4,1525
ryanmax/wiki-citation-usage,notebooks/DatasetAnonymization.ipynb,ImportError,ImportError,3.5.3,800
ryanmax/wiki-citation-usage,notebooks/PCOR.ipynb,ImportError,ImportError,3.5.3,800
ryanmax/wiki-citation-usage,notebooks/events--infobox-and-section.ipynb,ImportError,ImportError,3.5.3,800
ryanmax/wiki-citation-usage,notebooks/events--overview-distinct-events.ipynb,ImportError,ImportError,3.5.3,800
ryanmax/wiki-citation-usage,notebooks/events--overview.ipynb,ImportError,ImportError,3.5.3,800
ryanmax/wiki-citation-usage,notebooks/events--time-to-event.ipynb,ImportError,ImportError,3.5.3,800
ryanmax/wiki-citation-usage,notebooks/events-and-counts--hostnames.ipynb,ImportError,ImportError,3.5.3,800
ryanmax/wiki-citation-usage,notebooks/events-and-counts--section_ids.ipynb,ImportError,ImportError,3.5.3,800
ryanmax/wiki-citation-usage,notebooks/events-and-counts--top-level-domains.ipynb,ImportError,ImportError,3.5.3,800
ryanmax/wiki-citation-usage,notebooks/events-and-counts-and-pageviews--WPM-page-classes.ipynb,ImportError,ImportError,3.5.3,800
ryanmax/wiki-citation-usage,notebooks/events-and-pageviews--most-visited-WPM-pages.ipynb,ImportError,ImportError,3.5.3,800
ryanmax/wiki-citation-usage,notebooks/exploratory--ncbi-and-free.ipynb,ImportError,ImportError,3.5.3,800
ryanmax/wiki-citation-usage,notebooks/exploratory--tools_dot_wmflabs_dot_org-links.ipynb,ImportError,ImportError,3.5.3,800
ryanmax/wiki-citation-usage,notebooks/export-to-parquet.ipynb,ImportError,ImportError,3.5.3,800
ryanmax/wiki-citation-usage,notebooks/populate-freely_accessible-from-dumps.ipynb,ImportError,ImportError,3.5.3,800
ryanmax/wiki-citation-usage,notebooks/populate-infobox-table-from-dumps.ipynb,ImportError,ImportError,3.5.3,800
ryanmax/wiki-citation-usage,notebooks/populate-page_lengths-table-from-dumps.ipynb,ImportError,ImportError,3.5.3,800
ryanmax/wiki-citation-usage,notebooks/populate-page_titles-table-from-dumps.ipynb,ImportError,ImportError,3.5.3,800
ryanmax/wiki-citation-usage,notebooks/populate-pages-tables.ipynb,ImportError,ImportError,3.5.3,800
ryanmax/wiki-citation-usage,notebooks/populate-section-table.ipynb,ImportError,ImportError,3.5.3,800
samuelpayne/TreeFigureForBiodiversityLibrary,EnolaseAlignment.ipynb,ImportError,ImportError,3.5.2,1849
samuelpayne/TreeFigureForBiodiversityLibrary,rplB alignment.ipynb,ImportError,ImportError,3.5.2,1849
sanger-pathogens/Roary,contrib/roary_plots/roary_plots.ipynb,ImportError,ImportError,2.7.8,1174
satra/mapalign,docs/dmap_intro.ipynb,ImportError,ImportError,3.6.0,132
sbrg/cobrame,docs/Reaction_Manipulation.ipynb,ModuleNotFoundError,ModuleNotFoundError,3.6.1,1452
scanisius/discover-notebooks,notebooks/De novo gene set identification.ipynb,ImportError,ImportError,2.7.11,1997
scanisius/discover-notebooks,notebooks/MSigDb group tests.ipynb,ImportError,ImportError,2.7.11,1997
scanisius/discover-notebooks,notebooks/Pairwise analyses of simulated data.ipynb,ImportError,ImportError,2.7.11,1997
scanisius/discover-notebooks,notebooks/Pairwise analysis.ipynb,ImportError,ImportError,2.7.11,1997
scanisius/discover-notebooks,notebooks/STRING enrichment.ipynb,ImportError,ImportError,2.7.11,1997
scanisius/discover-notebooks,notebooks/Within-chromosome co-occurrence analysis.ipynb,ImportError,ImportError,2.7.11,1997
sdvillal/tdt-malaria-followup,tdt_autopsy/notebooks/logregs_competition_benchmark_explorations.ipynb,ModuleNotFoundError,ModuleNotFoundError,3.6.4,1779
sidatasciencelab/fern_segmentation,postprocessing_code.ipynb,ModuleNotFoundError,ModuleNotFoundError,3.6.8,368
sidatasciencelab/fern_segmentation,segmentation_code.ipynb,ModuleNotFoundError,ModuleNotFoundError,3.6.8,368
slundberg/shap,docs/notebooks/plots/bar.ipynb,ModuleNotFoundError,ModuleNotFoundError,3.7.4,1241
slundberg/shap,docs/user_studies/sickness_scores/Approve Hits.ipynb,ModuleNotFoundError,ModuleNotFoundError,3.7.4,1241
slundberg/shap,notebooks/api_examples/explainers/Exact.ipynb,ModuleNotFoundError,ModuleNotFoundError,3.7.4,1241
slundberg/shap,notebooks/api_examples/explainers/Permutation.ipynb,ModuleNotFoundError,ModuleNotFoundError,3.7.4,1241
slundberg/shap,notebooks/api_examples/maskers/custom.ipynb,ModuleNotFoundError,ModuleNotFoundError,3.7.4,1241
slundberg/shap,notebooks/api_examples/plots/bar.ipynb,ModuleNotFoundError,ModuleNotFoundError,3.7.4,1241
slundberg/shap,notebooks/api_examples/plots/beeswarm.ipynb,ModuleNotFoundError,ModuleNotFoundError,3.7.4,1241
slundberg/shap,notebooks/api_examples/plots/decision_plot.ipynb,ModuleNotFoundError,ModuleNotFoundError,3.7.4,1241
slundberg/shap,notebooks/api_examples/plots/image.ipynb,ModuleNotFoundError,ModuleNotFoundError,3.7.4,1241
slundberg/shap,notebooks/api_examples/plots/scatter.ipynb,ModuleNotFoundError,ModuleNotFoundError,3.7.4,1241
slundberg/shap,notebooks/api_examples/plots/text.ipynb,ModuleNotFoundError,ModuleNotFoundError,3.7.4,1241
slundberg/shap,notebooks/api_examples/plots/waterfall.ipynb,ModuleNotFoundError,ModuleNotFoundError,3.7.4,1241
slundberg/shap,notebooks/image_examples/image_classification/Explain an Intermediate Layer of VGG16 on ImageNet (PyTorch).ipynb,ModuleNotFoundError,ModuleNotFoundError,3.6.6,1241
slundberg/shap,notebooks/image_examples/image_classification/Explain an Intermediate Layer of VGG16 on ImageNet.ipynb,ModuleNotFoundError,ModuleNotFoundError,3.7.3,1241
slundberg/shap,notebooks/image_examples/image_classification/Multi-class ResNet50 on ImageNet (TensorFlow)-checkpoint.ipynb,ModuleNotFoundError,ModuleNotFoundError,3.7.4,1241
slundberg/shap,notebooks/image_examples/image_classification/Multi-class ResNet50 on ImageNet (TensorFlow).ipynb,ModuleNotFoundError,ModuleNotFoundError,3.7.4,1241
slundberg/shap,notebooks/image_examples/image_classification/Multi-input Gradient Explainer MNIST Example.ipynb,ModuleNotFoundError,ModuleNotFoundError,3.7.3,1241
slundberg/shap,notebooks/image_examples/image_classification/PyTorch Deep Explainer MNIST example.ipynb,ModuleNotFoundError,ModuleNotFoundError,3.6.6,1241
slundberg/shap,notebooks/overviews/An introduction to explainable AI with Shapley values.ipynb,ModuleNotFoundError,ModuleNotFoundError,3.7.3,1241
slundberg/shap,notebooks/overviews/Explaining quantitative measures of fairness.ipynb,ModuleNotFoundError,ModuleNotFoundError,3.7.4,1241
slundberg/shap,notebooks/tabular_examples/model_agnostic/Simple Boston Demo.ipynb,ModuleNotFoundError,ModuleNotFoundError,3.7.4,1241
slundberg/shap,notebooks/tabular_examples/model_agnostic/Squashing Effect.ipynb,ModuleNotFoundError,ModuleNotFoundError,3.7.3,1241
slundberg/shap,notebooks/tabular_examples/neural_networks/Census income classification with Keras.ipynb,ModuleNotFoundError,ModuleNotFoundError,3.6.5,1241
slundberg/shap,notebooks/tabular_examples/tree_based_models/Basic SHAP Interaction Value Example in XGBoost.ipynb,ModuleNotFoundError,ModuleNotFoundError,3.7.4,1241
slundberg/shap,notebooks/tabular_examples/tree_based_models/Catboost tutorial.ipynb,ModuleNotFoundError,ModuleNotFoundError,3.7.4,1241
slundberg/shap,notebooks/tabular_examples/tree_based_models/Census income classification with LightGBM.ipynb,ModuleNotFoundError,ModuleNotFoundError,3.7.3,1241
slundberg/shap,notebooks/tabular_examples/tree_based_models/Example of loading a custom tree model into SHAP.ipynb,ModuleNotFoundError,ModuleNotFoundError,3.7.3,1241
slundberg/shap,notebooks/tabular_examples/tree_based_models/Explaining a simple OR function.ipynb,ModuleNotFoundError,ModuleNotFoundError,3.7.3,1241
slundberg/shap,notebooks/tabular_examples/tree_based_models/Explaining the Loss of a Model.ipynb,ModuleNotFoundError,ModuleNotFoundError,3.6.5,1241
slundberg/shap,notebooks/tabular_examples/tree_based_models/Fitting a Linear Simulation with XGBoost.ipynb,ModuleNotFoundError,ModuleNotFoundError,3.7.0,1241
slundberg/shap,notebooks/tabular_examples/tree_based_models/Force Plot Colors.ipynb,ModuleNotFoundError,ModuleNotFoundError,3.6.5,1241
slundberg/shap,notebooks/tabular_examples/tree_based_models/NHANES I Survival Model.ipynb,ModuleNotFoundError,ModuleNotFoundError,3.6.5,1241
slundberg/shap,notebooks/tabular_examples/tree_based_models/Perfomance Comparison.ipynb,ModuleNotFoundError,ModuleNotFoundError,3.6.6,1241
slundberg/shap,notebooks/tabular_examples/tree_based_models/Python Version of Tree SHAP.ipynb,ModuleNotFoundError,ModuleNotFoundError,3.6.5,1241
slundberg/shap,notebooks/tabular_examples/tree_based_models/Scatter Density vs. Violin Plot Comparison.ipynb,ModuleNotFoundError,ModuleNotFoundError,3.6.5,1241
slundberg/shap,notebooks/tabular_examples/tree_based_models/Understanding Tree SHAP for Simple Models.ipynb,ModuleNotFoundError,ModuleNotFoundError,3.7.4,1241
slundberg/shap,notebooks/tabular_examples/tree_based_models/tree_shap_paper/Figure 4 - Supervised Clustering Adult Census Data.ipynb,ModuleNotFoundError,ModuleNotFoundError,3.7.3,1241
slundberg/shap,notebooks/tabular_examples/tree_based_models/tree_shap_paper/Performance comparison.ipynb,ModuleNotFoundError,ModuleNotFoundError,3.7.4,1241
slundberg/shap,notebooks/text_examples/sentiment_analysis/Keras LSTM for IMDB Sentiment Classification.ipynb,ModuleNotFoundError,ModuleNotFoundError,3.6.5,1241
slundberg/shap,notebooks/text_examples/summarization/Abstractive Summarization Explanation Demo.ipynb,ModuleNotFoundError,ModuleNotFoundError,3.7.4,1241
slundberg/shap,notebooks/text_examples/translation/Machine Translation Explanation Demo.ipynb,ModuleNotFoundError,ModuleNotFoundError,3.7.4,1241
som-shahlab/ehr-rwe,tutorials/1_Building_Training_Sets.ipynb,ModuleNotFoundError,ModuleNotFoundError,3.6.10,1040
spoonsso/snell_tool,figures/fig2B_C.ipynb,ModuleNotFoundError,ModuleNotFoundError,3.7.3,782
spoonsso/snell_tool,figures/fig2E_F.ipynb,ModuleNotFoundError,ModuleNotFoundError,3.7.3,782
srivatsanrr/autonom_covid,Final Pipeline.ipynb,ImportError,ImportError,3.7.3,225
srivatsanrr/autonom_covid,Final Pipeline_UID.ipynb,ImportError,ImportError,3.7.6,225
srivatsanrr/autonom_covid,RUN THIS FOR INFERENCE.ipynb,ImportError,ImportError,3.7.6,225
steinng/reuteri,Additional_file_3/Additional_file_3a.ipynb,ModuleNotFoundError,ModuleNotFoundError,3.6.5,1000
synbiouc/spatialoscillator,Analysis/Cross_section_Fluo.ipynb,ModuleNotFoundError,ModuleNotFoundError,3.7.7,277
synbiouc/spatialoscillator,Analysis/Fluo_tracking_new.ipynb,ModuleNotFoundError,ModuleNotFoundError,3.7.7,277
synbiouc/spatialoscillator,Analysis/Radial_avg_fluo.ipynb,ModuleNotFoundError,ModuleNotFoundError,3.7.7,277
synbiouc/spatialoscillator,Analysis/jpg_to_video.ipynb,ModuleNotFoundError,ModuleNotFoundError,3.7.7,277
synbiouc/spatialoscillator,Analysis/pickle_to_csv_Growth.ipynb,ModuleNotFoundError,ModuleNotFoundError,3.8.3,277
synbiouc/spatialoscillator,Analysis/update_pickles_massive.ipynb,ModuleNotFoundError,ModuleNotFoundError,3.7.7,277
synbiouc/spatialoscillator,Analysis/video.ipynb,ModuleNotFoundError,ModuleNotFoundError,3.7.7,277
sys-bio/tellurium,examples/notebooks/core/plot2DParameterScan.ipynb,ImportError,ImportError,3.6.2,1648
sysbio-curie/ClinTrajan,ClinTrajan_tutorial.ipynb,ModuleNotFoundError,ModuleNotFoundError,3.7.5,525
sysbio-curie/ClinTrajan,QI_Diabetis.ipynb,ModuleNotFoundError,ModuleNotFoundError,3.7.5,525
sysbio-curie/ICD,ICD_extend.ipynb,ModuleNotFoundError,ModuleNotFoundError,3.7.7,197
sysbio-curie/ICD,ICD_phenomenological.ipynb,ModuleNotFoundError,ModuleNotFoundError,3.7.7,197
sysbio-curie/ICI,Supp_mat_jupyter_notebook_Exp_validation.ipynb,ModuleNotFoundError,ModuleNotFoundError,3.7.6,156
sysbio-curie/ICI,Supp_mat_jupyter_notebook_model_analysis.ipynb,ModuleNotFoundError,ModuleNotFoundError,3.7.6,156
tanghaibao/goatools,notebooks/goea_nbt3102_group_results.ipynb,ModuleNotFoundError,ModuleNotFoundError,3.6.7,1607
tatonetti-lab/complementcovid,ntbks/Analysis. CPH Both Outcomes (on stored data).ipynb,ModuleNotFoundError,ModuleNotFoundError,3.7.6,750
tatonetti-lab/complementcovid,ntbks/Analysis. Mortality rate of intubation and intubation rate of fatal cases.ipynb,ModuleNotFoundError,ModuleNotFoundError,3.7.6,750
tatonetti-lab/complementcovid,ntbks/Data Setup (post apr22 version).ipynb,ModuleNotFoundError,ModuleNotFoundError,3.7.6,750
tatonetti-lab/complementcovid,ntbks/Figure. Hazards Coefficients.ipynb,ModuleNotFoundError,ModuleNotFoundError,3.7.6,750
tatonetti-lab/complementcovid,"ntbks/Figure. Rates of Mortality, Intubation by Group.ipynb",ModuleNotFoundError,ModuleNotFoundError,3.7.6,750
tatonetti-lab/complementcovid,ntbks/Figure. Survival Curves Both Outcomes.ipynb,ModuleNotFoundError,ModuleNotFoundError,3.7.6,750
tatonetti-lab/complementcovid,ntbks/Table 1 Section A. Demogs and Covars.ipynb,ModuleNotFoundError,ModuleNotFoundError,3.7.6,750
tatonetti-lab/complementcovid,ntbks/Table 1 Section B. Statistical Results.ipynb,ModuleNotFoundError,ModuleNotFoundError,3.7.6,750
tatonetti-lab/complementcovid,ntbks/r0/Analysis. CPH Both Outcomes (on stored data).ipynb,ModuleNotFoundError,ModuleNotFoundError,3.7.6,750
tatonetti-lab/complementcovid,ntbks/r0/Analysis. Mortality rate of intubation and intubation rate of fatal cases.ipynb,ModuleNotFoundError,ModuleNotFoundError,3.7.6,750
tatonetti-lab/complementcovid,ntbks/r0/Data Setup. (post apr22 version).ipynb,ModuleNotFoundError,ModuleNotFoundError,3.7.6,750
tatonetti-lab/complementcovid,ntbks/r0/Figure Hazards Coefficients.ipynb,ModuleNotFoundError,ModuleNotFoundError,3.7.6,750
tatonetti-lab/complementcovid,ntbks/r0/Figure. Covariate Correlations.ipynb,ModuleNotFoundError,ModuleNotFoundError,3.7.6,750
tatonetti-lab/complementcovid,ntbks/r0/Figure. Hazards Coefficients.ipynb,ModuleNotFoundError,ModuleNotFoundError,3.7.6,750
tatonetti-lab/complementcovid,"ntbks/r0/Figure. Rates of Mortality, Intubation by Group.ipynb",ModuleNotFoundError,ModuleNotFoundError,3.7.6,750
tatonetti-lab/complementcovid,ntbks/r0/Figure. Survival Curves Both Outcomes.ipynb,ModuleNotFoundError,ModuleNotFoundError,3.7.6,750
tatonetti-lab/complementcovid,ntbks/r0/Table Section A. Demogs and Covars.ipynb,ModuleNotFoundError,ModuleNotFoundError,3.7.6,750
tatonetti-lab/complementcovid,ntbks/r0/Table Section B. Statistical Results.ipynb,ModuleNotFoundError,ModuleNotFoundError,3.7.6,750
theandygross/TCGA_differential_expression,Notebooks/DX_by_split/DX_by_cancer_meth.ipynb,ImportError,ImportError,2.7.7,2089
theandygross/TCGA_differential_expression,Notebooks/Exploratory/DX_screen_TCGA_and_GEO.ipynb,ImportError,ImportError,2.7.9,2089
theandygross/TCGA_differential_expression,Notebooks/Exploratory/HNSC_prolif.ipynb,ImportError,ImportError,2.7.9,2089
theandygross/TCGA_differential_expression,Notebooks/Exploratory/LIHC_granzynes.ipynb,ImportError,ImportError,2.7.9,2089
theandygross/TCGA_differential_expression,Notebooks/Exploratory/LUAD_mutation_rate.ipynb,ImportError,ImportError,2.7.9,2089
theandygross/TCGA_differential_expression,Notebooks/Exploratory/dx_stromal.ipynb,ImportError,ImportError,2.7.7,2089
theandygross/TCGA_differential_expression,Notebooks/Exploratory/dx_stromal2.ipynb,ImportError,ImportError,2.7.7,2089
theandygross/TCGA_differential_expression,Notebooks/Exploratory/f_ox_distributions.ipynb,ImportError,ImportError,2.7.9,2089
theandygross/TCGA_differential_expression,Notebooks/Exploratory/sigmoid_updown.ipynb,ImportError,ImportError,2.7.9,2089
theandygross/TCGA_differential_expression,Notebooks/Exploratory/tmp_dx_pat.ipynb,ImportError,ImportError,2.7.7,2089
theandygross/TCGA_differential_expression,Notebooks/Figures/DX_Pipeline_Figure.ipynb,ImportError,ImportError,2.7.9,2089
theandygross/TCGA_differential_expression,Notebooks/Figures/Figure_1.ipynb,ImportError,ImportError,2.7.9,2089
theandygross/TCGA_differential_expression,Notebooks/Figures/Figure_2_refactor.ipynb,ImportError,ImportError,2.7.9,2089
theandygross/TCGA_differential_expression,Notebooks/Figures/GABA_Figure.ipynb,ImportError,ImportError,2.7.9,2089
theandygross/TCGA_differential_expression,Notebooks/Figures/Map_Data_on_Pathways.ipynb,ImportError,ImportError,2.7.9,2089
theandygross/TCGA_differential_expression,Notebooks/Figures/Purgatory/DX_screen_figs.ipynb,ImportError,ImportError,2.7.9,2089
theandygross/TCGA_differential_expression,Notebooks/Figures/Purgatory/Figure_2_Tumorness.ipynb,ImportError,ImportError,2.7.9,2089
theandygross/TCGA_differential_expression,Notebooks/Figures/Purgatory/pcna_survival.ipynb,ImportError,ImportError,2.7.9,2089
theandygross/TCGA_differential_expression,Notebooks/Figures/SEMA5B_Figure.ipynb,ImportError,ImportError,2.7.9,2089
theandygross/TCGA_differential_expression,Notebooks/Figures/Table_Time.ipynb,ImportError,ImportError,2.7.9,2089
theandygross/TCGA_differential_expression,Notebooks/Figures/Table_Time_GSEA.ipynb,ImportError,ImportError,2.7.9,2089
theandygross/TCGA_differential_expression,Notebooks/GABA_Receptors.ipynb,ImportError,ImportError,2.7.9,2089
theandygross/TCGA_differential_expression,Notebooks/GABA_Receptors_GTEX.ipynb,ImportError,ImportError,2.7.9,2089
theandygross/TCGA_differential_expression,Notebooks/GSEA_fraction_upregulated_expression.ipynb,ImportError,ImportError,2.7.9,2089
theandygross/TCGA_differential_expression,Notebooks/OneOffs/HPV_Pulldown_Cluster.ipynb,ImportError,ImportError,2.7.7,2089
theandygross/TCGA_differential_expression,Notebooks/OneOffs/James_DX_methy.ipynb,ImportError,ImportError,2.7.9,2089
theandygross/TCGA_differential_expression,Notebooks/Preperation_for_Cybersort.ipynb,ImportError,ImportError,2.7.9,2089
theandygross/TCGA_differential_expression,Notebooks/Preprocessing/Methyltion_HDFS.ipynb,ImportError,ImportError,2.7.9,2089
theandygross/TCGA_differential_expression,Notebooks/Preprocessing/init_RNA.ipynb,ImportError,ImportError,2.7.9,2089
theandygross/TCGA_differential_expression,Notebooks/Preprocessing/init_miRNA.ipynb,ImportError,ImportError,2.7.9,2089
theandygross/TCGA_differential_expression,Notebooks/Purgatory/DX_loc.ipynb,ImportError,ImportError,2.7.9,2089
theandygross/TCGA_differential_expression,Notebooks/Purgatory/Infer_normals.ipynb,ImportError,ImportError,2.7.9,2089
theandygross/TCGA_differential_expression,Notebooks/Purgatory/James_DX_methy.ipynb,ImportError,ImportError,2.7.9,2089
theandygross/TCGA_differential_expression,Notebooks/Purgatory/proliferation_signature_KNN.ipynb,ImportError,ImportError,2.7.9,2089
theandygross/TCGA_differential_expression,Notebooks/metaPCNA.ipynb,ImportError,ImportError,2.7.9,2089
theandygross/TCGA_differential_expression,Notebooks/methylation_upregulated_probe_annotation.ipynb,ImportError,ImportError,2.7.9,2089
theandygross/TCGA_differential_expression,Notebooks/microarray_validation_aggregation.ipynb,ImportError,ImportError,2.7.9,2089
theandygross/TCGA_differential_expression,Notebooks/microarray_validation_aggregation_GABA.ipynb,ImportError,ImportError,2.7.9,2089
theandygross/TCGA_differential_expression,Notebooks/microarray_validation_data.ipynb,ImportError,ImportError,2.7.9,2089
theandygross/TCGA_differential_expression,Notebooks/switchiness_miR.ipynb,ImportError,ImportError,2.7.9,2089
theandygross/TCGA_differential_expression,Notebooks/switchiness_screen.ipynb,ImportError,ImportError,2.7.9,2089
theislab/dca,reproducibility/code/Figure2.ipynb,ModuleNotFoundError,ModuleNotFoundError,3.6.6,411
theislab/dca,reproducibility/code/Figure9.ipynb,ImportError,ImportError,3.6.6,411
theislab/dca,tutorial.ipynb,ModuleNotFoundError,ModuleNotFoundError,3.7.4,411
theislab/paga,blood/dahlin18/dahlin18.ipynb,ModuleNotFoundError,ModuleNotFoundError,3.6.7,269
theislab/paga,blood/nestorowa16/nestorowa16.ipynb,ModuleNotFoundError,ModuleNotFoundError,3.6.2,269
theislab/paga,blood/paul15/paul15-subsampled.ipynb,ModuleNotFoundError,ModuleNotFoundError,3.6.6,269
theislab/paga,blood/simulated/simulated.ipynb,ModuleNotFoundError,ModuleNotFoundError,3.6.2,269
theislab/paga,comparisons/simulated_data/_exports.ipynb,ImportError,ImportError,3.5.2,269
theislab/paga,comparisons/simulated_data/dpt.ipynb,ImportError,ImportError,3.5.2,269
theislab/paga,embedding_quality/embedding_quality.ipynb,ModuleNotFoundError,ModuleNotFoundError,3.6.2,269
theislab/paga,planaria/planaria_paga_velocyto.ipynb,ModuleNotFoundError,ModuleNotFoundError,3.6.2,269
theislab/paga,planaria/velocyto_analysis/planaria_velocyto_epidermis.ipynb,ModuleNotFoundError,ModuleNotFoundError,3.6.2,269
theislab/paga,robustness/simulated_data_robustness.ipynb,ModuleNotFoundError,ModuleNotFoundError,3.6.2,269
theislab/scgen-reproducibility,Jupyter Notebooks/Fig5.ipynb,ModuleNotFoundError,ModuleNotFoundError,3.6.0,145
theislab/scgen-reproducibility,Jupyter Notebooks/SupplFig1.ipynb,ModuleNotFoundError,ModuleNotFoundError,3.6.0,145
theislab/scgen-reproducibility,Jupyter Notebooks/SupplFig2.ipynb,ModuleNotFoundError,ModuleNotFoundError,3.6.0,145
theislab/scgen-reproducibility,Jupyter Notebooks/SupplFig4.ipynb,ModuleNotFoundError,ModuleNotFoundError,3.6.0,145
theislab/scgen-reproducibility,Jupyter Notebooks/SupplFig5.ipynb,ModuleNotFoundError,ModuleNotFoundError,3.6.0,145
theislab/scgen-reproducibility,Jupyter Notebooks/SupplFig6.ipynb,ModuleNotFoundError,ModuleNotFoundError,3.6.0,145
theislab/scgen-reproducibility,Jupyter Notebooks/SupplFig7.ipynb,ModuleNotFoundError,ModuleNotFoundError,3.6.0,145
theislab/scgen-reproducibility,Jupyter Notebooks/SupplFig9.ipynb,ModuleNotFoundError,ModuleNotFoundError,3.6.0,145
theislab/scgen-reproducibility,Jupyter Notebooks/bbknn.ipynb,ModuleNotFoundError,ModuleNotFoundError,3.6.4,145
theislab/scgen-reproducibility,Jupyter Notebooks/cca.ipynb,ModuleNotFoundError,ModuleNotFoundError,3.6.4,145
theislab/scgen-reproducibility,Jupyter Notebooks/mnn.ipynb,ModuleNotFoundError,ModuleNotFoundError,3.6.3,145
theislab/scgen-reproducibility,Jupyter Notebooks/pancreas-4-Scanorama.ipynb,ModuleNotFoundError,ModuleNotFoundError,3.6.3,145
theislab/trvaep,example/multi_condition_sample.ipynb,ModuleNotFoundError,ModuleNotFoundError,3.7.2,147
theislab/trvaep,example/sample_notebook.ipynb,ModuleNotFoundError,ModuleNotFoundError,3.7.2,147
thh32/Lipase_reclassification,Pairwise_analysis.ipynb,ImportError,ImportError,2.7.15rc1,1185
thomasmaxwellnorman/Perturbseq_GI,GI_CBL-CNN1_and_other_examples.ipynb,ImportError,ImportError,2.7.12,339
thomasmaxwellnorman/Perturbseq_GI,GI_DUSP9-MAPK1-ETS2_example.ipynb,ImportError,ImportError,2.7.12,339
thomasmaxwellnorman/Perturbseq_GI,GI_activation_of_neighboring_genes.ipynb,ImportError,ImportError,2.7.12,339
thomasmaxwellnorman/Perturbseq_GI,GI_dimensionality_reduction_and_statistics.ipynb,ImportError,ImportError,2.7.12,339
thomasmaxwellnorman/Perturbseq_GI,GI_downsampling_analysis.ipynb,ImportError,ImportError,2.7.12,339
thomasmaxwellnorman/Perturbseq_GI,GI_generate_populations.ipynb,ImportError,ImportError,2.7.12,339
thomasmaxwellnorman/Perturbseq_GI,GI_model_fits.ipynb,ImportError,ImportError,2.7.12,339
thomasmaxwellnorman/Perturbseq_GI,GI_optimal_umap.ipynb,ImportError,ImportError,2.7.12,339
thomasmaxwellnorman/Perturbseq_GI,GI_orienting_buffering_interactions.ipynb,ModuleNotFoundError,ModuleNotFoundError,3.6.9,339
thomasmaxwellnorman/Perturbseq_GI,GI_prediction.ipynb,ImportError,ImportError,2.7.12,339
thomasmaxwellnorman/Perturbseq_GI,GI_prediction_performance_comparison.ipynb,ImportError,ImportError,2.7.12,339
thomasmaxwellnorman/Perturbseq_GI,GI_sgRNA_performance.ipynb,ImportError,ImportError,2.7.12,339
tiagolbiotech/cyanobiome,additional-symploca_16S.ipynb,ModuleNotFoundError,ModuleNotFoundError,3.7.6,43
tomasgomes/Treg_analysis,MRD_melanoma.ipynb,ModuleNotFoundError,ModuleNotFoundError,3.6.3,1392
totti0223/crop_seed_instance_segmentation,Mask_RCNN.ipynb,ModuleNotFoundError,ModuleNotFoundError,3.6.9,777
trasse/OpSeF-IV,OpSeF_IV_Reimport_002.ipynb,ModuleNotFoundError,ModuleNotFoundError,3.6.8,257
trasse/OpSeF-IV,OpSeF_IV_Run_001.ipynb,ModuleNotFoundError,ModuleNotFoundError,3.6.8,257
trasse/OpSeF-IV,OpSeF_IV_Run_002_dev.ipynb,ModuleNotFoundError,ModuleNotFoundError,3.6.8,257
trueprint/p100-network-code,Community Generation-DELTA.ipynb,ImportError,ImportError,2.7.12,1930
velocyto-team/velocyto-notebooks,python/Haber_et_al.ipynb,ModuleNotFoundError,ModuleNotFoundError,3.6.4,27
velocyto-team/velocyto-notebooks,python/hgForebrainGlutamatergic.ipynb,ModuleNotFoundError,ModuleNotFoundError,3.6.4,27
wdecoster/read_length_SV_discovery,joypy.ipynb,ModuleNotFoundError,ModuleNotFoundError,3.6.6,85
wkew/FTMSVisualization,5-Interactive FTMS and Visualisation.ipynb,ImportError,ImportError,3.5.2,1976
xaviergp/littlebrain,Flexibility_examples/flexibility_examples_revision_final.ipynb,ModuleNotFoundError,ModuleNotFoundError,3.6.6,1444
yoavram/curveball_ms,model nesting map.ipynb,ImportError,ImportError,3.5.1,1201
yzerlaut/notebook_papers,Template.ipynb,ImportError,ImportError,3.5.2,1323
zhenwendai/SITAR,demo.ipynb,ImportError,ImportError,2.7.12,1911
